run,t_s,distance_to_boundary_m,label,confidence,band
semantic_frontier_run2,21.1,0.496,bedrock,0.543,0.3-0.6m
semantic_frontier_run2,26.18,0.693,soil,0.747,0.6-1.0m
semantic_frontier_run2,29.93,0.722,soil,0.561,0.6-1.0m
semantic_frontier_run2,34.0,0.699,soil,0.582,0.6-1.0m
semantic_frontier_run2,37.85,0.657,soil,0.684,0.6-1.0m
semantic_frontier_run2,41.18,0.646,sand,0.53,0.6-1.0m
semantic_frontier_run2,45.3,0.585,sand,0.636,0.3-0.6m
semantic_frontier_run2,54.8,0.515,sand,0.638,0.3-0.6m
semantic_frontier_run2,61.33,0.473,sand,0.528,0.3-0.6m
semantic_frontier_run2,65.87,0.493,soil,0.739,0.3-0.6m
semantic_frontier_run2,73.37,0.601,soil,0.613,0.6-1.0m
semantic_frontier_run2,82.84,0.804,bedrock,0.904,0.6-1.0m
semantic_frontier_run2,89.99,1.121,soil,0.569,1.0-2.0m
semantic_frontier_run2,95.23,1.329,soil,0.628,1.0-2.0m
semantic_frontier_run2,100.65,1.515,bedrock,0.798,1.0-2.0m
semantic_frontier_run2,106.22,1.581,bedrock,0.744,1.0-2.0m
semantic_frontier_run2,110.12,1.567,bedrock,0.915,1.0-2.0m
semantic_frontier_run2,120.4,1.504,bedrock,0.938,1.0-2.0m
semantic_frontier_run2,125.89,1.491,bedrock,0.568,1.0-2.0m
semantic_frontier_run2,130.38,1.453,bedrock,0.466,1.0-2.0m
semantic_frontier_run2,134.3,1.315,soil,0.686,1.0-2.0m
semantic_frontier_run2,138.67,1.114,soil,0.472,1.0-2.0m
semantic_frontier_run2,142.9,1.054,sand,0.567,1.0-2.0m
semantic_frontier_run2,152.07,1.041,sand,0.408,1.0-2.0m
semantic_frontier_run2,155.35,1.036,bedrock,0.549,1.0-2.0m
semantic_frontier_run2,158.44,1.065,bedrock,0.509,1.0-2.0m
semantic_frontier_run2,161.36,1.064,bedrock,0.692,1.0-2.0m
semantic_frontier_run2,164.83,1.168,bedrock,0.7,1.0-2.0m
semantic_frontier_run2,169.79,1.402,soil,0.603,1.0-2.0m
semantic_frontier_run2,174.22,1.53,soil,0.609,1.0-2.0m
semantic_frontier_run2,179.38,1.569,bedrock,0.51,1.0-2.0m
semantic_frontier_run2,185.17,1.569,bedrock,0.752,1.0-2.0m
semantic_frontier_run2,188.9,1.534,bedrock,0.751,1.0-2.0m
semantic_frontier_run2,192.16,1.397,bedrock,0.568,1.0-2.0m
semantic_frontier_run2,195.46,1.218,soil,0.587,1.0-2.0m
semantic_frontier_run2,199.14,1.209,sand,0.451,1.0-2.0m
semantic_frontier_run2,204.85,1.165,bedrock,0.536,1.0-2.0m
semantic_frontier_run2,209.56,1.131,bedrock,0.479,1.0-2.0m
semantic_frontier_run2,218.22,1.151,bedrock,0.948,1.0-2.0m
semantic_frontier_run2,223.78,1.189,bedrock,0.722,1.0-2.0m
semantic_frontier_run2,230.97,1.382,bedrock,0.613,1.0-2.0m
semantic_frontier_run2,235.72,1.595,bedrock,0.791,1.0-2.0m
semantic_frontier_run2,239.72,1.606,bedrock,0.653,1.0-2.0m
semantic_frontier_run2,247.8,1.69,bedrock,0.716,1.0-2.0m
semantic_frontier_run2,253.74,1.763,bedrock,0.516,1.0-2.0m
semantic_frontier_run2,257.88,1.804,soil,0.581,1.0-2.0m
semantic_frontier_run2,261.65,1.808,bedrock,0.406,1.0-2.0m
semantic_frontier_run2,266.83,1.802,bedrock,0.587,1.0-2.0m
semantic_frontier_run2,271.41,1.774,uncertain,0.372,1.0-2.0m
semantic_frontier_run2,279.29,1.501,soil,0.823,1.0-2.0m
semantic_frontier_run2,283.88,1.223,soil,0.644,1.0-2.0m
semantic_frontier_run2,288.09,1.158,soil,0.636,1.0-2.0m
semantic_frontier_run2,292.79,1.118,sand,0.507,1.0-2.0m
semantic_frontier_run2,297.93,1.046,sand,0.471,1.0-2.0m
semantic_frontier_run2,303.8,1.044,bedrock,0.561,1.0-2.0m
semantic_frontier_run2,316.77,1.044,bedrock,0.877,1.0-2.0m
semantic_frontier_run2,322.36,1.044,bedrock,0.651,1.0-2.0m
semantic_frontier_run2,329.11,1.044,soil,0.671,1.0-2.0m
semantic_frontier_run2,333.7,1.044,soil,0.535,1.0-2.0m
semantic_frontier_run2,338.23,1.044,bedrock,0.821,1.0-2.0m
semantic_frontier_run2,343.44,1.044,bedrock,0.913,1.0-2.0m
semantic_frontier_run2,351.18,1.044,soil,0.589,1.0-2.0m
semantic_frontier_run2,355.38,1.044,soil,0.7,1.0-2.0m
semantic_frontier_run2,361.54,1.044,bedrock,0.682,1.0-2.0m
semantic_frontier_run2,367.25,1.044,soil,0.543,1.0-2.0m
semantic_frontier_run2,371.88,1.044,bedrock,0.771,1.0-2.0m
semantic_frontier_run2,377.03,1.044,bedrock,0.56,1.0-2.0m
semantic_frontier_run2,380.89,1.044,bedrock,0.751,1.0-2.0m
semantic_frontier_run2,386.57,1.044,bedrock,0.837,1.0-2.0m
reobservation_official,-9.25,0.746,bedrock,0.757,0.6-1.0m
reobservation_official,-3.14,0.746,soil,0.738,0.6-1.0m
reobservation_official,3.72,0.744,soil,0.741,0.6-1.0m
reobservation_official,7.85,0.738,soil,0.719,0.6-1.0m
reobservation_official,17.37,0.617,sand,0.554,0.6-1.0m
reobservation_official,22.0,0.48,sand,0.726,0.3-0.6m
reobservation_official,25.65,0.449,soil,0.608,0.3-0.6m
reobservation_official,30.56,0.394,sand,0.745,0.3-0.6m
reobservation_official,34.12,0.352,sand,0.65,0.3-0.6m
reobservation_official,37.99,0.316,bedrock,0.574,0.3-0.6m
reobservation_official,43.88,0.324,soil,0.708,0.3-0.6m
reobservation_official,49.27,0.364,bedrock,0.587,0.3-0.6m
reobservation_official,52.02,0.442,bedrock,0.661,0.3-0.6m
reobservation_official,54.52,0.52,bedrock,0.689,0.3-0.6m
reobservation_official,57.15,0.541,bedrock,0.651,0.3-0.6m
reobservation_official,60.0,0.539,bedrock,0.538,0.3-0.6m
reobservation_official,62.69,0.612,bedrock,0.733,0.6-1.0m
reobservation_official,65.76,0.635,bedrock,0.618,0.6-1.0m
reobservation_official,67.55,0.681,soil,0.707,0.6-1.0m
reobservation_official,69.2,0.686,soil,0.569,0.6-1.0m
reobservation_official,75.76,0.748,sand,0.461,0.6-1.0m
reobservation_official,80.29,0.747,soil,0.485,0.6-1.0m
reobservation_official,84.81,0.726,soil,0.572,0.6-1.0m
reobservation_official,89.05,0.612,sand,0.56,0.6-1.0m
reobservation_official,92.93,0.563,sand,0.503,0.3-0.6m
reobservation_official,96.7,0.533,sand,0.525,0.3-0.6m
reobservation_official,99.97,0.521,sand,0.537,0.3-0.6m
reobservation_official,102.82,0.464,sand,0.607,0.3-0.6m
reobservation_official,107.98,0.392,sand,0.522,0.3-0.6m
reobservation_official,110.6,0.392,sand,0.686,0.3-0.6m
reobservation_official,113.24,0.351,sand,0.798,0.3-0.6m
reobservation_official,115.92,0.329,sand,0.564,0.3-0.6m
reobservation_official,118.78,0.277,sand,0.699,0.0-0.3m
reobservation_official,121.62,0.267,sand,0.667,0.0-0.3m
reobservation_official,125.02,0.258,soil,0.474,0.0-0.3m
reobservation_official,127.79,0.235,bedrock,0.591,0.0-0.3m
reobservation_official,130.46,0.238,soil,0.624,0.0-0.3m
reobservation_official,133.8,0.258,soil,0.542,0.0-0.3m
reobservation_official,143.48,0.294,bedrock,0.891,0.0-0.3m
reobservation_official,147.23,0.364,soil,0.544,0.3-0.6m
reobservation_official,150.44,0.378,soil,0.568,0.3-0.6m
reobservation_official,153.58,0.433,soil,0.674,0.3-0.6m
reobservation_official,158.44,0.502,sand,0.503,0.3-0.6m
reobservation_official,163.57,0.526,soil,0.609,0.3-0.6m
reobservation_official,167.65,0.534,soil,0.518,0.3-0.6m
reobservation_official,174.85,0.521,soil,0.643,0.3-0.6m
reobservation_official,177.63,0.51,sand,0.524,0.3-0.6m
reobservation_official,180.32,0.505,soil,0.539,0.3-0.6m
reobservation_official,183.24,0.417,sand,0.862,0.3-0.6m
reobservation_official,186.47,0.246,sand,0.792,0.0-0.3m
reobservation_official,189.17,0.076,sand,0.68,0.0-0.3m
reobservation_official,191.77,0.034,sand,0.681,0.0-0.3m
reobservation_official,194.64,0.032,sand,0.562,0.0-0.3m
reobservation_official,198.49,0.076,sand,0.732,0.0-0.3m
reobservation_official,207.28,0.092,sand,0.929,0.0-0.3m
reobservation_official,211.19,0.093,bedrock,0.53,0.0-0.3m
reobservation_official,214.52,0.096,soil,0.737,0.0-0.3m
reobservation_official,218.19,0.0,bedrock,0.606,0.0-0.3m
reobservation_official,222.57,0.241,bedrock,0.697,0.0-0.3m
reobservation_official,225.27,0.326,bedrock,0.541,0.3-0.6m
reobservation_official,227.77,0.341,sand,0.508,0.3-0.6m
reobservation_official,230.22,0.34,sand,0.611,0.3-0.6m
reobservation_official,232.62,0.309,soil,0.676,0.3-0.6m
reobservation_official,237.7,0.214,sand,0.921,0.0-0.3m
reobservation_official,240.14,0.189,sand,0.672,0.0-0.3m
reobservation_official,242.43,0.065,sand,0.857,0.0-0.3m
reobservation_official,245.49,0.108,sand,0.794,0.0-0.3m
reobservation_official,248.13,0.158,sand,0.931,0.0-0.3m
reobservation_official,251.04,0.179,sand,0.921,0.0-0.3m
reobservation_official,254.48,0.22,sand,0.715,0.0-0.3m
reobservation_official,257.51,0.316,sand,0.755,0.3-0.6m
reobservation_official,260.41,0.429,sand,0.555,0.3-0.6m
reobservation_official,263.72,0.463,sand,0.787,0.3-0.6m
reobservation_official,266.92,0.463,sand,0.701,0.3-0.6m
reobservation_official,273.78,0.463,sand,0.702,0.3-0.6m
reobservation_official,276.6,0.475,soil,0.74,0.3-0.6m
reobservation_official,279.45,0.566,soil,0.81,0.3-0.6m
reobservation_official,282.29,0.665,sand,0.676,0.6-1.0m
reobservation_official,285.2,0.663,soil,0.553,0.6-1.0m
reobservation_official,288.79,0.738,soil,0.726,0.6-1.0m
reobservation_official,291.65,0.782,soil,0.551,0.6-1.0m
reobservation_official,294.39,0.878,soil,0.537,0.6-1.0m
reobservation_official,297.06,1.013,soil,0.574,1.0-2.0m
reobservation_official,299.81,1.065,soil,0.681,1.0-2.0m
reobservation_official,305.11,1.278,soil,0.593,1.0-2.0m
reobservation_official,307.91,1.36,sand,0.512,1.0-2.0m
reobservation_official,310.47,1.387,sand,0.526,1.0-2.0m
reobservation_official,313.1,1.453,soil,0.537,1.0-2.0m
reobservation_official,315.98,1.48,sand,0.642,1.0-2.0m
reobservation_official,320.13,1.522,soil,0.785,1.0-2.0m
reobservation_official,322.78,1.548,sand,0.772,1.0-2.0m
reobservation_official,325.6,1.544,sand,0.893,1.0-2.0m
reobservation_official,328.5,1.529,sand,0.829,1.0-2.0m
reobservation_official,332.06,1.488,sand,0.568,1.0-2.0m
reobservation_official,340.93,1.464,sand,0.794,1.0-2.0m
reobservation_official,344.41,1.274,sand,0.585,1.0-2.0m
reobservation_official,346.9,1.197,sand,0.601,1.0-2.0m
reobservation_official,349.65,1.184,sand,0.554,1.0-2.0m
reobservation_official,352.89,1.135,sand,0.697,1.0-2.0m
reobservation_official,355.98,1.087,sand,0.809,1.0-2.0m
reobservation_official,358.6,1.058,soil,0.542,1.0-2.0m
reobservation_official,361.09,1.058,soil,0.763,1.0-2.0m
reobservation_official,363.96,1.06,soil,0.854,1.0-2.0m
reobservation_official,367.05,1.099,sand,0.611,1.0-2.0m
reobservation_official,373.1,1.261,sand,0.618,1.0-2.0m
reobservation_official,375.85,1.404,sand,0.66,1.0-2.0m
reobservation_official,378.53,1.432,sand,0.548,1.0-2.0m
reobservation_official,381.48,1.465,soil,0.86,1.0-2.0m
reobservation_official,385.09,1.49,sand,0.72,1.0-2.0m
reobservation_official,388.13,1.491,sand,0.628,1.0-2.0m
reobservation_official,391.63,1.451,sand,0.889,1.0-2.0m
reobservation_official,395.63,1.27,sand,0.92,1.0-2.0m
reobservation_official,404.06,1.221,sand,0.619,1.0-2.0m
reobservation_official,407.4,1.227,soil,0.904,1.0-2.0m
reobservation_official,410.93,1.325,soil,0.703,1.0-2.0m
reobservation_official,413.74,1.46,soil,0.942,1.0-2.0m
reobservation_official,417.05,1.52,sand,0.958,1.0-2.0m
reobservation_official,420.36,1.478,sand,0.678,1.0-2.0m
reobservation_official,423.75,1.413,sand,0.804,1.0-2.0m
reobservation_official,427.29,1.402,sand,0.956,1.0-2.0m
reobservation_official,436.57,1.366,sand,0.913,1.0-2.0m
reobservation_official,439.99,1.367,soil,0.548,1.0-2.0m
reobservation_official,443.62,1.225,sand,0.589,1.0-2.0m
reobservation_official,447.53,1.012,sand,0.736,1.0-2.0m
reobservation_official,451.13,0.931,sand,0.735,0.6-1.0m
reobservation_official,454.07,0.909,sand,0.54,0.6-1.0m
reobservation_official,456.84,0.856,sand,0.836,0.6-1.0m
reobservation_official,460.18,0.844,sand,0.506,0.6-1.0m
reobservation_official,464.44,0.782,soil,0.557,0.6-1.0m
reobservation_official,472.38,0.741,sand,0.853,0.6-1.0m
reobservation_official,475.66,0.742,sand,0.79,0.6-1.0m
reobservation_official,478.48,0.745,soil,0.722,0.6-1.0m
reobservation_official,481.48,0.775,sand,0.9,0.6-1.0m
reobservation_official,485.15,0.858,sand,0.735,0.6-1.0m
reobservation_official,488.88,0.908,soil,0.744,0.6-1.0m
reobservation_official,492.02,1.006,soil,0.871,1.0-2.0m
reobservation_official,495.64,1.015,soil,0.707,1.0-2.0m
reobservation_official,499.3,1.062,sand,0.74,1.0-2.0m
reobservation_official,505.09,1.078,sand,0.854,1.0-2.0m
reobservation_official,509.0,1.081,soil,0.643,1.0-2.0m
reobservation_official,512.47,1.047,sand,0.904,1.0-2.0m
reobservation_official,516.84,1.006,sand,0.48,1.0-2.0m
reobservation_official,520.73,0.979,sand,0.736,0.6-1.0m
reobservation_official,524.46,0.772,bedrock,0.547,0.6-1.0m
reobservation_official,526.85,0.633,bedrock,0.664,0.6-1.0m
reobservation_official,532.3,0.539,bedrock,0.725,0.3-0.6m
reobservation_official,535.14,0.539,bedrock,0.822,0.3-0.6m
reobservation_official,538.17,0.477,bedrock,0.598,0.3-0.6m
reobservation_official,541.2,0.446,bedrock,0.693,0.3-0.6m
reobservation_official,543.97,0.412,bedrock,0.683,0.3-0.6m
reobservation_official,547.55,0.368,uncertain,0.392,0.3-0.6m
reobservation_official,550.64,0.356,soil,0.647,0.3-0.6m
reobservation_official,553.31,0.343,soil,0.891,0.3-0.6m
reobservation_official,556.01,0.357,soil,0.826,0.3-0.6m
reobservation_official,558.76,0.432,sand,0.532,0.3-0.6m
reobservation_official,561.36,0.559,soil,0.634,0.3-0.6m
reobservation_official,566.54,0.578,soil,0.897,0.3-0.6m
reobservation_official,569.29,0.573,soil,0.864,0.3-0.6m
reobservation_official,571.92,0.626,soil,0.544,0.6-1.0m
reobservation_official,574.42,0.629,soil,0.59,0.6-1.0m
reobservation_official,577.23,0.707,sand,0.898,0.6-1.0m
reobservation_official,579.83,0.706,sand,0.678,0.6-1.0m
reobservation_official,582.24,0.767,sand,0.679,0.6-1.0m
reobservation_official,584.8,0.776,sand,0.936,0.6-1.0m
reobservation_official,588.13,0.814,sand,0.696,0.6-1.0m
reobservation_official,591.19,0.808,sand,0.745,0.6-1.0m
reobservation_official,596.83,0.771,sand,0.517,0.6-1.0m
reobservation_official,599.62,0.756,sand,0.739,0.6-1.0m
reobservation_official,602.48,0.698,sand,0.665,0.6-1.0m
reobservation_official,605.11,0.699,sand,0.604,0.6-1.0m
reobservation_official,607.72,0.666,sand,0.488,0.6-1.0m
reobservation_official,610.72,0.651,bedrock,0.75,0.6-1.0m
reobservation_official,614.07,0.612,bedrock,0.716,0.6-1.0m
reobservation_official,616.71,0.559,bedrock,0.773,0.3-0.6m
reobservation_official,619.31,0.434,bedrock,0.797,0.3-0.6m
reobservation_official,621.89,0.311,bedrock,0.922,0.3-0.6m
reobservation_official,624.9,0.23,bedrock,0.93,0.0-0.3m
reobservation_official,632.44,0.183,soil,0.762,0.0-0.3m
reobservation_official,635.18,0.187,sand,0.663,0.0-0.3m
reobservation_official,637.8,0.212,soil,0.782,0.0-0.3m
reobservation_official,641.27,0.236,sand,0.505,0.0-0.3m
reobservation_official,644.08,0.255,soil,0.779,0.0-0.3m
reobservation_official,647.4,0.341,sand,0.69,0.3-0.6m
reobservation_official,650.38,0.446,sand,0.976,0.3-0.6m
reobservation_official,653.18,0.564,sand,0.949,0.3-0.6m
reobservation_official,656.89,0.591,sand,0.814,0.3-0.6m
reobservation_official,659.45,0.597,sand,0.799,0.3-0.6m
reobservation_official,666.96,0.588,sand,0.508,0.3-0.6m
reobservation_official,669.71,0.592,soil,0.408,0.3-0.6m
reobservation_official,672.49,0.492,bedrock,0.573,0.3-0.6m
reobservation_official,675.82,0.306,soil,0.467,0.3-0.6m
reobservation_official,679.01,0.158,soil,0.488,0.0-0.3m
reobservation_official,682.44,0.028,soil,0.768,0.0-0.3m
reobservation_official,686.23,0.066,soil,0.586,0.0-0.3m
reobservation_official,689.71,0.221,soil,0.667,0.0-0.3m
reobservation_official,693.09,0.359,bedrock,0.729,0.3-0.6m
reobservation_official,701.69,0.41,bedrock,0.603,0.3-0.6m
reobservation_official,704.8,0.438,bedrock,0.955,0.3-0.6m
reobservation_official,707.49,0.472,bedrock,0.637,0.3-0.6m
reobservation_official,710.32,0.472,soil,0.672,0.3-0.6m
reobservation_official,712.81,0.47,bedrock,0.644,0.3-0.6m
reobservation_official,715.22,0.493,bedrock,0.617,0.3-0.6m
reobservation_official,718.06,0.542,bedrock,0.659,0.3-0.6m
reobservation_official,721.55,0.692,bedrock,0.874,0.6-1.0m
reobservation_official,724.08,0.788,bedrock,0.961,0.6-1.0m
reobservation_official,729.49,0.845,soil,0.519,0.6-1.0m
reobservation_official,734.27,0.845,bedrock,0.639,0.6-1.0m
reobservation_official,736.8,0.887,bedrock,0.543,0.6-1.0m
reobservation_official,739.38,0.91,bedrock,0.465,0.6-1.0m
reobservation_official,741.97,0.925,sand,0.743,0.6-1.0m
reobservation_official,745.51,0.891,sand,0.649,0.6-1.0m
reobservation_official,748.17,0.781,sand,0.653,0.6-1.0m
reobservation_official,750.77,0.732,soil,0.465,0.6-1.0m
reobservation_official,753.36,0.72,sand,0.468,0.6-1.0m
reobservation_official,755.93,0.697,sand,0.546,0.6-1.0m
reobservation_official,758.77,0.662,sand,0.491,0.6-1.0m
reobservation_official,766.55,0.659,soil,0.594,0.6-1.0m
reobservation_official,769.55,0.658,soil,0.596,0.6-1.0m
reobservation_official,772.35,0.692,bedrock,0.947,0.6-1.0m
reobservation_official,775.08,0.748,bedrock,0.873,0.6-1.0m
reobservation_official,777.85,0.864,bedrock,0.711,0.6-1.0m
reobservation_official,780.62,1.035,bedrock,0.807,1.0-2.0m
reobservation_official,784.19,1.084,bedrock,0.501,1.0-2.0m
reobservation_official,787.31,1.104,bedrock,0.48,1.0-2.0m
reobservation_official,790.19,1.104,sand,0.577,1.0-2.0m
reobservation_official,797.58,1.077,bedrock,0.41,1.0-2.0m
reobservation_official,800.23,1.061,sand,0.458,1.0-2.0m
reobservation_official,802.84,0.875,sand,0.712,0.6-1.0m
reobservation_official,805.3,0.734,sand,0.588,0.6-1.0m
reobservation_official,808.72,0.737,soil,0.587,0.6-1.0m
reobservation_official,811.99,0.671,sand,0.829,0.6-1.0m
reobservation_official,814.6,0.662,sand,0.747,0.6-1.0m
reobservation_official,817.29,0.598,sand,0.568,0.3-0.6m
reobservation_official,821.1,0.571,sand,0.796,0.3-0.6m
reobservation_official,823.74,0.541,sand,0.676,0.3-0.6m
reobservation_official,831.12,0.537,soil,0.766,0.3-0.6m
reobservation_official,833.67,0.537,soil,0.509,0.3-0.6m
reobservation_official,836.19,0.556,bedrock,0.775,0.3-0.6m
reobservation_official,838.83,0.577,bedrock,0.722,0.3-0.6m
reobservation_official,841.36,0.613,bedrock,0.915,0.6-1.0m
reobservation_official,843.97,0.8,bedrock,0.887,0.6-1.0m
reobservation_official,846.76,0.998,bedrock,0.621,0.6-1.0m
reobservation_official,849.91,1.203,bedrock,0.692,1.0-2.0m
reobservation_official,853.46,1.316,bedrock,0.458,1.0-2.0m
reobservation_official,856.94,1.433,sand,0.429,1.0-2.0m
reobservation_official,864.37,1.461,sand,0.41,1.0-2.0m
reobservation_official,867.87,1.45,soil,0.612,1.0-2.0m
reobservation_official,870.45,1.375,soil,0.716,1.0-2.0m
reobservation_official,873.7,1.237,soil,0.779,1.0-2.0m
reobservation_official,877.05,1.177,soil,0.596,1.0-2.0m
reobservation_official,879.93,1.166,soil,0.528,1.0-2.0m
reobservation_official,882.66,1.134,bedrock,0.457,1.0-2.0m
reobservation_official,885.21,1.133,bedrock,0.407,1.0-2.0m
reobservation_official,888.58,1.178,bedrock,0.462,1.0-2.0m
reobservation_official,894.6,1.235,bedrock,0.606,1.0-2.0m
reobservation_official,898.88,1.206,soil,0.819,1.0-2.0m
reobservation_official,901.78,1.11,soil,0.746,1.0-2.0m
reobservation_official,904.47,0.944,soil,0.682,0.6-1.0m
reobservation_official,907.22,0.787,sand,0.458,0.6-1.0m
reobservation_official,910.66,0.72,bedrock,0.745,0.6-1.0m
reobservation_official,913.61,0.721,soil,0.473,0.6-1.0m
reobservation_official,916.55,0.8,soil,0.73,0.6-1.0m
reobservation_official,919.5,0.854,soil,0.718,0.6-1.0m
reobservation_official,927.78,0.885,soil,0.653,0.6-1.0m
reobservation_official,931.15,0.875,sand,0.513,0.6-1.0m
reobservation_official,935.57,0.859,sand,0.483,0.6-1.0m
reobservation_official,939.9,0.831,soil,0.538,0.6-1.0m
reobservation_official,943.3,0.771,sand,0.574,0.6-1.0m
reobservation_official,945.75,0.751,sand,0.561,0.6-1.0m
reobservation_official,948.49,0.704,sand,0.423,0.6-1.0m
reobservation_official,951.56,0.668,sand,0.509,0.6-1.0m
reobservation_official,954.51,0.568,sand,0.851,0.3-0.6m
reobservation_official,962.06,0.296,soil,0.535,0.0-0.3m
reobservation_official,964.7,0.217,sand,0.522,0.0-0.3m
reobservation_official,967.26,0.181,sand,0.814,0.0-0.3m
reobservation_official,970.13,0.018,sand,0.761,0.0-0.3m
reobservation_official,972.55,0.17,sand,0.778,0.0-0.3m
reobservation_official,975.46,0.329,sand,0.671,0.3-0.6m
reobservation_official,979.02,0.381,soil,0.507,0.3-0.6m
reobservation_official,981.57,0.421,sand,0.603,0.3-0.6m
reobservation_official,984.18,0.447,sand,0.628,0.3-0.6m
reobservation_official,989.69,0.5,sand,0.925,0.3-0.6m
reobservation_official,994.37,0.5,sand,0.548,0.3-0.6m
reobservation_official,996.81,0.499,soil,0.54,0.3-0.6m
reobservation_official,999.77,0.5,sand,0.518,0.3-0.6m
reobservation_official,1002.63,0.456,bedrock,0.449,0.3-0.6m
reobservation_official,1006.26,0.418,bedrock,0.41,0.3-0.6m
reobservation_official,1008.97,0.279,sand,0.72,0.0-0.3m
reobservation_official,1012.02,0.204,bedrock,0.756,0.0-0.3m
reobservation_official,1014.45,0.163,bedrock,0.637,0.0-0.3m
reobservation_official,1017.09,0.061,bedrock,0.923,0.0-0.3m
reobservation_official,1019.93,0.055,bedrock,0.687,0.0-0.3m
reobservation_official,1024.47,0.188,soil,0.568,0.0-0.3m
reobservation_official,1026.89,0.307,soil,0.572,0.3-0.6m
reobservation_official,1029.52,0.318,bedrock,0.81,0.3-0.6m
reobservation_official,1032.07,0.39,soil,0.502,0.3-0.6m
reobservation_official,1034.6,0.392,bedrock,0.58,0.3-0.6m
reobservation_official,1037.56,0.459,soil,0.81,0.3-0.6m
reobservation_official,1041.1,0.486,bedrock,0.443,0.3-0.6m
reobservation_official,1043.86,0.512,sand,0.47,0.3-0.6m
reobservation_official,1046.52,0.511,soil,0.417,0.3-0.6m
reobservation_official,1049.37,0.51,sand,0.58,0.3-0.6m
reobservation_official,1054.91,0.452,sand,0.819,0.3-0.6m
reobservation_official,1058.13,0.316,sand,0.836,0.3-0.6m
reobservation_official,1062.6,0.016,sand,0.839,0.0-0.3m
reobservation_official,1068.01,0.314,sand,0.55,0.3-0.6m
reobservation_official,1071.67,0.34,sand,0.67,0.3-0.6m
reobservation_official,1074.86,0.436,sand,0.958,0.3-0.6m
reobservation_official,1078.02,0.535,sand,0.911,0.3-0.6m
reobservation_official,1081.0,0.533,sand,0.774,0.3-0.6m
reobservation_official,1089.39,0.567,sand,0.78,0.3-0.6m
reobservation_official,1092.13,0.572,sand,0.855,0.3-0.6m
reobservation_official,1095.77,0.577,sand,0.703,0.3-0.6m
reobservation_official,1099.03,0.555,bedrock,0.666,0.3-0.6m
reobservation_official,1103.11,0.387,bedrock,0.641,0.3-0.6m
reobservation_official,1109.37,0.111,bedrock,0.622,0.0-0.3m
reobservation_official,1112.29,0.004,soil,0.68,0.0-0.3m
reobservation_official,1114.84,0.115,bedrock,0.529,0.0-0.3m
reobservation_official,1122.43,0.3,bedrock,0.642,0.3-0.6m
reobservation_official,1125.39,0.432,bedrock,0.678,0.3-0.6m
reobservation_official,1128.5,0.599,bedrock,0.633,0.3-0.6m
reobservation_official,1131.55,0.736,bedrock,0.619,0.6-1.0m
reobservation_official,1135.49,0.948,soil,0.808,0.6-1.0m
reobservation_official,1138.35,1.119,bedrock,0.645,1.0-2.0m
reobservation_official,1141.27,1.303,bedrock,0.702,1.0-2.0m
reobservation_official,1144.4,1.375,bedrock,0.72,1.0-2.0m
reobservation_official,1148.58,1.438,bedrock,0.655,1.0-2.0m
reobservation_official,1153.42,1.475,bedrock,0.748,1.0-2.0m
reobservation_official,1156.23,1.532,bedrock,0.651,1.0-2.0m
reobservation_official,1159.57,1.648,bedrock,0.494,1.0-2.0m
reobservation_official,1162.43,1.704,soil,0.558,1.0-2.0m
reobservation_official,1165.7,1.773,bedrock,0.668,1.0-2.0m
reobservation_official,1170.31,1.96,bedrock,0.516,1.0-2.0m
reobservation_official,1173.66,2.055,soil,0.528,>=2.0m
reobservation_official,1176.54,2.045,soil,0.565,>=2.0m
reobservation_official,1182.07,2.061,bedrock,0.514,>=2.0m
reobservation_official,1185.06,2.077,bedrock,0.668,>=2.0m
reobservation_official,1188.11,2.201,bedrock,0.91,>=2.0m
reobservation_official,1191.49,2.392,bedrock,0.568,>=2.0m
reobservation_official,1194.55,2.481,soil,0.54,>=2.0m
reobservation_official,1199.05,2.566,soil,0.509,>=2.0m
reobservation_official,1202.64,2.714,bedrock,0.604,>=2.0m
reobservation_official,1205.4,2.795,bedrock,0.843,>=2.0m
reobservation_official,1208.09,2.812,bedrock,0.803,>=2.0m
reobservation_official,1210.72,2.833,bedrock,0.525,>=2.0m
reobservation_official,1216.64,2.883,bedrock,0.661,>=2.0m
reobservation_official,1220.18,2.895,soil,0.594,>=2.0m
reobservation_official,1222.81,2.895,bedrock,0.494,>=2.0m
reobservation_official,1225.65,2.884,soil,0.509,>=2.0m
reobservation_official,1228.29,2.853,soil,0.749,>=2.0m
reobservation_official,1232.37,2.787,soil,0.838,>=2.0m
reobservation_official,1236.8,2.564,soil,0.667,>=2.0m
reobservation_official,1240.59,2.339,soil,0.498,>=2.0m
reobservation_official,1250.19,2.079,soil,0.602,>=2.0m
reobservation_official,1253.59,2.075,soil,0.853,>=2.0m
reobservation_official,1256.82,2.053,bedrock,0.521,>=2.0m
reobservation_official,1259.72,2.05,soil,0.617,>=2.0m
reobservation_official,1263.32,2.078,bedrock,0.539,>=2.0m
reobservation_official,1267.2,2.126,bedrock,0.9,>=2.0m
reobservation_official,1271.51,2.172,soil,0.599,>=2.0m
reobservation_official,1274.85,2.192,bedrock,0.501,>=2.0m
reobservation_official,1280.84,2.269,bedrock,0.917,>=2.0m
reobservation_official,1286.0,2.289,bedrock,0.554,>=2.0m
reobservation_official,1291.08,2.48,bedrock,0.573,>=2.0m
reobservation_official,1293.9,2.641,bedrock,0.69,>=2.0m
reobservation_official,1299.25,2.953,bedrock,0.76,>=2.0m
reobservation_official,1302.18,2.994,bedrock,0.839,>=2.0m
reobservation_official,1306.2,2.991,bedrock,0.849,>=2.0m
reobservation_official,1311.46,2.991,bedrock,0.64,>=2.0m
reobservation_official,1314.16,2.997,bedrock,0.596,>=2.0m
reobservation_official,1317.51,2.934,soil,0.466,>=2.0m
reobservation_official,1320.31,2.933,soil,0.914,>=2.0m
reobservation_official,1323.23,2.869,soil,0.719,>=2.0m
reobservation_official,1328.35,2.814,bedrock,0.545,>=2.0m
reobservation_official,1332.89,2.781,soil,0.7,>=2.0m
reobservation_official,1337.96,2.602,soil,0.494,>=2.0m
reobservation_official,1345.44,2.29,soil,0.436,>=2.0m
reobservation_official,1349.13,2.093,soil,0.48,>=2.0m
reobservation_official,1353.08,1.898,soil,0.547,1.0-2.0m
reobservation_official,1357.23,1.646,uncertain,0.396,1.0-2.0m
reobservation_official,1361.83,1.459,bedrock,0.443,1.0-2.0m
reobservation_official,1367.08,1.311,soil,0.801,1.0-2.0m
reobservation_official,1372.93,0.997,soil,0.587,0.6-1.0m
reobservation_official,1376.41,0.946,soil,0.721,0.6-1.0m
reobservation_official,1379.94,0.749,sand,0.612,0.6-1.0m
reobservation_official,1383.68,0.541,sand,0.719,0.3-0.6m
reobservation_official,1389.66,0.482,sand,0.687,0.3-0.6m
reobservation_official,1394.62,0.468,sand,0.658,0.3-0.6m
reobservation_official,1397.48,0.423,soil,0.669,0.3-0.6m
reobservation_official,1401.55,0.374,sand,0.737,0.3-0.6m
reobservation_official,1409.6,0.32,sand,0.874,0.3-0.6m
reobservation_official,1412.61,0.265,soil,0.887,0.0-0.3m
reobservation_official,1417.78,0.207,sand,0.623,0.0-0.3m
reobservation_official,1422.55,0.18,soil,0.774,0.0-0.3m
reobservation_official,1425.62,0.237,sand,0.47,0.0-0.3m
reobservation_official,1431.15,0.245,sand,0.651,0.0-0.3m
reobservation_official,1438.72,0.043,sand,0.509,0.0-0.3m
reobservation_official,1441.8,0.081,sand,0.873,0.0-0.3m
reobservation_official,1444.53,0.14,sand,0.87,0.0-0.3m
reobservation_official,1448.43,0.16,bedrock,0.589,0.0-0.3m
reobservation_official,1451.63,0.125,sand,0.886,0.0-0.3m
reobservation_official,1455.34,0.161,sand,0.647,0.0-0.3m
reobservation_official,1459.31,0.159,bedrock,0.828,0.0-0.3m
reobservation_official,1462.49,0.122,soil,0.594,0.0-0.3m
reobservation_official,1466.69,0.104,soil,0.568,0.0-0.3m
reobservation_official,1472.56,0.102,soil,0.557,0.0-0.3m
reobservation_official,1475.92,0.078,bedrock,0.547,0.0-0.3m
reobservation_official,1479.24,0.029,bedrock,0.707,0.0-0.3m
reobservation_official,1482.24,0.042,bedrock,0.607,0.0-0.3m
reobservation_official,1484.97,0.047,soil,0.812,0.0-0.3m
reobservation_official,1488.09,0.094,bedrock,0.461,0.0-0.3m
reobservation_official,1492.1,0.118,sand,0.929,0.0-0.3m
reobservation_official,1495.15,0.07,sand,0.509,0.0-0.3m
reobservation_official,1498.19,0.024,sand,0.583,0.0-0.3m
reobservation_official,1506.28,0.006,soil,0.502,0.0-0.3m
reobservation_official,1509.38,0.017,soil,0.577,0.0-0.3m
reobservation_official,1513.49,0.218,soil,0.857,0.0-0.3m
reobservation_official,1517.55,0.457,sand,0.449,0.3-0.6m
reobservation_official,1521.21,0.506,soil,0.738,0.3-0.6m
reobservation_official,1525.05,0.501,bedrock,0.511,0.3-0.6m
reobservation_official,1529.56,0.543,bedrock,0.62,0.3-0.6m
reobservation_official,1532.9,0.607,bedrock,0.704,0.6-1.0m
reobservation_official,1538.46,0.684,bedrock,0.534,0.6-1.0m
reobservation_official,1543.76,0.721,soil,0.544,0.6-1.0m
reobservation_official,1548.14,0.767,bedrock,0.508,0.6-1.0m
reobservation_official,1552.51,0.774,sand,0.505,0.6-1.0m
reobservation_official,1558.36,0.742,sand,0.58,0.6-1.0m
reobservation_official,1562.38,0.657,soil,0.487,0.6-1.0m
reobservation_official,1568.64,0.619,sand,0.704,0.6-1.0m
reobservation_official,1572.98,0.561,soil,0.502,0.3-0.6m
reobservation_official,1575.74,0.441,sand,0.625,0.3-0.6m
reobservation_official,1578.74,0.271,sand,0.96,0.0-0.3m
reobservation_official,1581.88,0.177,sand,0.889,0.0-0.3m
reobservation_official,1585.07,0.161,sand,0.921,0.0-0.3m
reobservation_official,1588.95,0.142,bedrock,0.656,0.0-0.3m
reobservation_official,1591.81,0.165,soil,0.857,0.0-0.3m
reobservation_official,1600.26,0.23,soil,0.6,0.0-0.3m
reobservation_official,1603.73,0.229,bedrock,0.567,0.0-0.3m
reobservation_official,1606.76,0.288,bedrock,0.689,0.0-0.3m
reobservation_official,1610.32,0.314,soil,0.68,0.3-0.6m
reobservation_official,1613.68,0.494,bedrock,0.786,0.3-0.6m
reobservation_official,1616.88,0.691,bedrock,0.936,0.6-1.0m
reobservation_official,1620.2,0.904,bedrock,0.713,0.6-1.0m
reobservation_official,1624.5,1.09,soil,0.543,1.0-2.0m
reobservation_official,1628.69,1.353,bedrock,0.706,1.0-2.0m
reobservation_official,1634.16,1.627,bedrock,0.808,1.0-2.0m
reobservation_official,1638.11,1.646,bedrock,0.552,1.0-2.0m
reobservation_official,1641.07,1.679,bedrock,0.559,1.0-2.0m
reobservation_official,1643.95,1.723,bedrock,0.71,1.0-2.0m
reobservation_official,1647.06,1.771,bedrock,0.719,1.0-2.0m
reobservation_official,1650.11,1.78,bedrock,0.804,1.0-2.0m
reobservation_official,1653.51,1.794,bedrock,0.743,1.0-2.0m
reobservation_official,1656.78,1.771,soil,0.531,1.0-2.0m
reobservation_official,1662.96,1.741,uncertain,0.388,1.0-2.0m
reobservation_official,1667.31,1.615,bedrock,0.755,1.0-2.0m
reobservation_official,1671.04,1.473,bedrock,0.507,1.0-2.0m
reobservation_official,1674.22,1.393,soil,0.409,1.0-2.0m
reobservation_official,1677.32,1.232,soil,0.654,1.0-2.0m
reobservation_official,1680.05,1.129,sand,0.426,1.0-2.0m
reobservation_official,1682.93,1.087,sand,0.613,1.0-2.0m
reobservation_official,1686.68,1.037,sand,0.529,1.0-2.0m
reobservation_official,1692.51,0.972,soil,0.593,0.6-1.0m
reobservation_official,1695.91,0.946,sand,0.76,0.6-1.0m
reobservation_official,1698.75,0.805,sand,0.74,0.6-1.0m
reobservation_official,1701.34,0.644,sand,0.597,0.6-1.0m
reobservation_official,1704.39,0.592,sand,0.623,0.3-0.6m
reobservation_official,1707.59,0.562,soil,0.587,0.3-0.6m
reobservation_official,1710.24,0.562,soil,0.52,0.3-0.6m
reobservation_official,1713.5,0.588,bedrock,0.707,0.3-0.6m
reobservation_official,1717.53,0.668,bedrock,0.962,0.6-1.0m
reobservation_official,1720.81,0.832,bedrock,0.79,0.6-1.0m
reobservation_official,1728.67,1.054,bedrock,0.916,1.0-2.0m
reobservation_official,1732.21,1.19,soil,0.665,1.0-2.0m
reobservation_official,1735.77,1.302,bedrock,0.961,1.0-2.0m
reobservation_official,1738.85,1.305,bedrock,0.911,1.0-2.0m
reobservation_official,1742.06,1.295,soil,0.609,1.0-2.0m
reobservation_official,1744.76,1.299,bedrock,0.434,1.0-2.0m
reobservation_official,1747.54,1.248,soil,0.541,1.0-2.0m
reobservation_official,1751.85,1.199,soil,0.63,1.0-2.0m
reobservation_official,1758.02,1.114,sand,0.562,1.0-2.0m
reobservation_official,1760.9,1.113,soil,0.517,1.0-2.0m
reobservation_official,1763.7,1.075,soil,0.521,1.0-2.0m
reobservation_official,1766.82,1.047,sand,0.518,1.0-2.0m
reobservation_official,1770.48,1.056,sand,0.467,1.0-2.0m
reobservation_official,1773.37,1.022,soil,0.453,1.0-2.0m
reobservation_official,1776.93,1.036,bedrock,0.455,1.0-2.0m
reobservation_official,1780.53,1.033,soil,0.431,1.0-2.0m
reobservation_official,1784.29,1.019,soil,0.476,1.0-2.0m
reobservation_official,1792.62,0.914,soil,0.694,0.6-1.0m
reobservation_official,1795.63,0.815,sand,0.689,0.6-1.0m
reobservation_official,1801.3,0.765,sand,0.506,0.6-1.0m
reobservation_official,1809.42,0.765,sand,0.504,0.6-1.0m
reobservation_official,1817.74,0.765,soil,0.623,0.6-1.0m
reobservation_official,1829.37,0.765,bedrock,0.518,0.6-1.0m
reobservation_official,1835.88,0.765,bedrock,0.941,0.6-1.0m
reobservation_official,1842.12,0.765,bedrock,0.754,0.6-1.0m
reobservation_official,1850.16,0.765,soil,0.768,0.6-1.0m
reobservation_official,1859.73,0.765,soil,0.735,0.6-1.0m
reobservation_official,1864.69,0.765,soil,0.602,0.6-1.0m
reobservation_official,1870.45,0.765,bedrock,0.815,0.6-1.0m
reobservation_official,1875.71,0.765,bedrock,0.792,0.6-1.0m
reobservation_official,1880.46,0.765,soil,0.566,0.6-1.0m
reobservation_official,1884.7,0.765,soil,0.514,0.6-1.0m
reobservation_official,1890.21,0.765,soil,0.659,0.6-1.0m
reobservation_official,1893.66,0.765,soil,0.529,0.6-1.0m
reobservation_official,1900.76,0.765,sand,0.507,0.6-1.0m
reobservation_official,1906.48,0.765,bedrock,0.487,0.6-1.0m
reobservation_official,1910.94,0.765,soil,0.552,0.6-1.0m
reobservation_official,1918.93,0.765,bedrock,0.608,0.6-1.0m
