threshold,coverage,risk,safety_rate,safety_fail,n_confident,n_abstained
0.05,1.0,0.09756097560975607,0.9477351916376306,0.05226480836236934,287,0
0.05452,1.0,0.09756097560975607,0.9477351916376306,0.05226480836236934,287,0
0.05905,1.0,0.09756097560975607,0.9477351916376306,0.05226480836236934,287,0
0.06357,1.0,0.09756097560975607,0.9477351916376306,0.05226480836236934,287,0
0.06809,1.0,0.09756097560975607,0.9477351916376306,0.05226480836236934,287,0
0.07261,1.0,0.09756097560975607,0.9477351916376306,0.05226480836236934,287,0
0.07714,1.0,0.09756097560975607,0.9477351916376306,0.05226480836236934,287,0
0.08166,1.0,0.09756097560975607,0.9477351916376306,0.05226480836236934,287,0
0.08618,1.0,0.09756097560975607,0.9477351916376306,0.05226480836236934,287,0
0.0907,1.0,0.09756097560975607,0.9477351916376306,0.05226480836236934,287,0
0.09523,1.0,0.09756097560975607,0.9477351916376306,0.05226480836236934,287,0
0.09975,1.0,0.09756097560975607,0.9477351916376306,0.05226480836236934,287,0
0.10427,1.0,0.09756097560975607,0.9477351916376306,0.05226480836236934,287,0
0.10879,1.0,0.09756097560975607,0.9477351916376306,0.05226480836236934,287,0
0.11332,1.0,0.09756097560975607,0.9477351916376306,0.05226480836236934,287,0
0.11784,1.0,0.09756097560975607,0.9477351916376306,0.05226480836236934,287,0
0.12236,1.0,0.09756097560975607,0.9477351916376306,0.05226480836236934,287,0
0.12688,1.0,0.09756097560975607,0.9477351916376306,0.05226480836236934,287,0
0.13141,1.0,0.09756097560975607,0.9477351916376306,0.05226480836236934,287,0
0.13593,1.0,0.09756097560975607,0.9477351916376306,0.05226480836236934,287,0
0.14045,1.0,0.09756097560975607,0.9477351916376306,0.05226480836236934,287,0
0.14497,1.0,0.09756097560975607,0.9477351916376306,0.05226480836236934,287,0
0.1495,1.0,0.09756097560975607,0.9477351916376306,0.05226480836236934,287,0
0.15402,1.0,0.09756097560975607,0.9477351916376306,0.05226480836236934,287,0
0.15854,1.0,0.09756097560975607,0.9477351916376306,0.05226480836236934,287,0
0.16307,1.0,0.09756097560975607,0.9477351916376306,0.05226480836236934,287,0
0.16759,1.0,0.09756097560975607,0.9477351916376306,0.05226480836236934,287,0
0.17211,1.0,0.09756097560975607,0.9477351916376306,0.05226480836236934,287,0
0.17663,1.0,0.09756097560975607,0.9477351916376306,0.05226480836236934,287,0
0.18116,1.0,0.09756097560975607,0.9477351916376306,0.05226480836236934,287,0
0.18568,1.0,0.09756097560975607,0.9477351916376306,0.05226480836236934,287,0
0.1902,1.0,0.09756097560975607,0.9477351916376306,0.05226480836236934,287,0
0.19472,1.0,0.09756097560975607,0.9477351916376306,0.05226480836236934,287,0
0.19925,1.0,0.09756097560975607,0.9477351916376306,0.05226480836236934,287,0
0.20377,1.0,0.09756097560975607,0.9477351916376306,0.05226480836236934,287,0
0.20829,1.0,0.09756097560975607,0.9477351916376306,0.05226480836236934,287,0
0.21281,1.0,0.09756097560975607,0.9477351916376306,0.05226480836236934,287,0
0.21734,1.0,0.09756097560975607,0.9477351916376306,0.05226480836236934,287,0
0.22186,1.0,0.09756097560975607,0.9477351916376306,0.05226480836236934,287,0
0.22638,1.0,0.09756097560975607,0.9477351916376306,0.05226480836236934,287,0
0.2309,1.0,0.09756097560975607,0.9477351916376306,0.05226480836236934,287,0
0.23543,1.0,0.09756097560975607,0.9477351916376306,0.05226480836236934,287,0
0.23995,1.0,0.09756097560975607,0.9477351916376306,0.05226480836236934,287,0
0.24447,1.0,0.09756097560975607,0.9477351916376306,0.05226480836236934,287,0
0.24899,1.0,0.09756097560975607,0.9477351916376306,0.05226480836236934,287,0
0.25352,1.0,0.09756097560975607,0.9477351916376306,0.05226480836236934,287,0
0.25804,1.0,0.09756097560975607,0.9477351916376306,0.05226480836236934,287,0
0.26256,1.0,0.09756097560975607,0.9477351916376306,0.05226480836236934,287,0
0.26709,1.0,0.09756097560975607,0.9477351916376306,0.05226480836236934,287,0
0.27161,1.0,0.09756097560975607,0.9477351916376306,0.05226480836236934,287,0
0.27613,1.0,0.09756097560975607,0.9477351916376306,0.05226480836236934,287,0
0.28065,1.0,0.09756097560975607,0.9477351916376306,0.05226480836236934,287,0
0.28518,1.0,0.09756097560975607,0.9477351916376306,0.05226480836236934,287,0
0.2897,1.0,0.09756097560975607,0.9477351916376306,0.05226480836236934,287,0
0.29422,1.0,0.09756097560975607,0.9477351916376306,0.05226480836236934,287,0
0.29874,1.0,0.09756097560975607,0.9477351916376306,0.05226480836236934,287,0
0.30327,1.0,0.09756097560975607,0.9477351916376306,0.05226480836236934,287,0
0.30779,1.0,0.09756097560975607,0.9477351916376306,0.05226480836236934,287,0
0.31231,1.0,0.09756097560975607,0.9477351916376306,0.05226480836236934,287,0
0.31683,1.0,0.09756097560975607,0.9477351916376306,0.05226480836236934,287,0
0.32136,1.0,0.09756097560975607,0.9477351916376306,0.05226480836236934,287,0
0.32588,1.0,0.09756097560975607,0.9477351916376306,0.05226480836236934,287,0
0.3304,1.0,0.09756097560975607,0.9477351916376306,0.05226480836236934,287,0
0.33492,1.0,0.09756097560975607,0.9477351916376306,0.05226480836236934,287,0
0.33945,1.0,0.09756097560975607,0.9477351916376306,0.05226480836236934,287,0
0.34397,1.0,0.09756097560975607,0.9477351916376306,0.05226480836236934,287,0
0.34849,1.0,0.09756097560975607,0.9477351916376306,0.05226480836236934,287,0
0.35302,1.0,0.09756097560975607,0.9477351916376306,0.05226480836236934,287,0
0.35754,1.0,0.09756097560975607,0.9477351916376306,0.05226480836236934,287,0
0.36206,1.0,0.09756097560975607,0.9477351916376306,0.05226480836236934,287,0
0.36658,1.0,0.09756097560975607,0.9477351916376306,0.05226480836236934,287,0
0.37111,0.9965156794425087,0.09440559440559437,0.9477351916376306,0.05226480836236934,286,1
0.37563,0.9965156794425087,0.09440559440559437,0.9477351916376306,0.05226480836236934,286,1
0.38015,0.9965156794425087,0.09440559440559437,0.9477351916376306,0.05226480836236934,286,1
0.38467,0.9965156794425087,0.09440559440559437,0.9477351916376306,0.05226480836236934,286,1
0.3892,0.9965156794425087,0.09440559440559437,0.9477351916376306,0.05226480836236934,286,1
0.39372,0.9965156794425087,0.09440559440559437,0.9477351916376306,0.05226480836236934,286,1
0.39824,0.9965156794425087,0.09440559440559437,0.9477351916376306,0.05226480836236934,286,1
0.40276,0.9965156794425087,0.09440559440559437,0.9477351916376306,0.05226480836236934,286,1
0.40729,0.9965156794425087,0.09440559440559437,0.9477351916376306,0.05226480836236934,286,1
0.41181,0.9965156794425087,0.09440559440559437,0.9477351916376306,0.05226480836236934,286,1
0.41633,0.9965156794425087,0.09440559440559437,0.9477351916376306,0.05226480836236934,286,1
0.42085,0.9965156794425087,0.09440559440559437,0.9477351916376306,0.05226480836236934,286,1
0.42538,0.9965156794425087,0.09440559440559437,0.9477351916376306,0.05226480836236934,286,1
0.4299,0.9965156794425087,0.09440559440559437,0.9477351916376306,0.05226480836236934,286,1
0.43442,0.9965156794425087,0.09440559440559437,0.9477351916376306,0.05226480836236934,286,1
0.43894,0.9965156794425087,0.09440559440559437,0.9477351916376306,0.05226480836236934,286,1
0.44347,0.9965156794425087,0.09440559440559437,0.9477351916376306,0.05226480836236934,286,1
0.44799,0.9930313588850174,0.09122807017543855,0.9512195121951219,0.04878048780487805,285,2
0.45251,0.9930313588850174,0.09122807017543855,0.9512195121951219,0.04878048780487805,285,2
0.45704,0.9930313588850174,0.09122807017543855,0.9512195121951219,0.04878048780487805,285,2
0.46156,0.9895470383275261,0.09154929577464788,0.9512195121951219,0.04878048780487805,284,3
0.46608,0.9895470383275261,0.09154929577464788,0.9512195121951219,0.04878048780487805,284,3
0.4706,0.9860627177700348,0.09187279151943462,0.9512195121951219,0.04878048780487805,283,4
0.47513,0.9825783972125436,0.09219858156028371,0.9512195121951219,0.04878048780487805,282,5
0.47965,0.9825783972125436,0.09219858156028371,0.9512195121951219,0.04878048780487805,282,5
0.48417,0.9825783972125436,0.09219858156028371,0.9512195121951219,0.04878048780487805,282,5
0.48869,0.9790940766550522,0.08896797153024916,0.9547038327526133,0.04529616724738676,281,6
0.49322,0.9790940766550522,0.08896797153024916,0.9547038327526133,0.04529616724738676,281,6
0.49774,0.9790940766550522,0.08896797153024916,0.9547038327526133,0.04529616724738676,281,6
0.50226,0.9721254355400697,0.08960573476702505,0.9547038327526133,0.04529616724738676,279,8
0.50678,0.9721254355400697,0.08960573476702505,0.9547038327526133,0.04529616724738676,279,8
0.51131,0.9721254355400697,0.08960573476702505,0.9547038327526133,0.04529616724738676,279,8
0.51583,0.9686411149825784,0.08633093525179858,0.9581881533101045,0.041811846689895474,278,9
0.52035,0.9686411149825784,0.08633093525179858,0.9581881533101045,0.041811846689895474,278,9
0.52487,0.9651567944250871,0.08664259927797835,0.9581881533101045,0.041811846689895474,277,10
0.5294,0.9651567944250871,0.08664259927797835,0.9581881533101045,0.041811846689895474,277,10
0.53392,0.9651567944250871,0.08664259927797835,0.9581881533101045,0.041811846689895474,277,10
0.53844,0.9651567944250871,0.08664259927797835,0.9581881533101045,0.041811846689895474,277,10
0.54296,0.9616724738675958,0.08695652173913049,0.9581881533101045,0.041811846689895474,276,11
0.54749,0.9547038327526133,0.08394160583941601,0.9616724738675958,0.03832752613240418,274,13
0.55201,0.9512195121951219,0.08424908424908428,0.9616724738675958,0.03832752613240418,273,14
0.55653,0.9477351916376306,0.0845588235294118,0.9616724738675958,0.03832752613240418,272,15
0.56106,0.9372822299651568,0.0780669144981413,0.9616724738675958,0.03832752613240418,269,18
0.56558,0.9372822299651568,0.0780669144981413,0.9616724738675958,0.03832752613240418,269,18
0.5701,0.9337979094076655,0.07462686567164178,0.9651567944250871,0.03484320557491289,268,19
0.57462,0.9337979094076655,0.07462686567164178,0.9651567944250871,0.03484320557491289,268,19
0.57915,0.9337979094076655,0.07462686567164178,0.9651567944250871,0.03484320557491289,268,19
0.58367,0.9337979094076655,0.07462686567164178,0.9651567944250871,0.03484320557491289,268,19
0.58819,0.9337979094076655,0.07462686567164178,0.9651567944250871,0.03484320557491289,268,19
0.59271,0.926829268292683,0.07518796992481203,0.9651567944250871,0.03484320557491289,266,21
0.59724,0.926829268292683,0.07518796992481203,0.9651567944250871,0.03484320557491289,266,21
0.60176,0.9233449477351916,0.07547169811320753,0.9651567944250871,0.03484320557491289,265,22
0.60628,0.9233449477351916,0.07547169811320753,0.9651567944250871,0.03484320557491289,265,22
0.6108,0.9198606271777003,0.0757575757575758,0.9651567944250871,0.03484320557491289,264,23
0.61533,0.9128919860627178,0.0725190839694656,0.9686411149825784,0.0313588850174216,262,25
0.61985,0.9094076655052264,0.07279693486590033,0.9686411149825784,0.0313588850174216,261,26
0.62437,0.9094076655052264,0.07279693486590033,0.9686411149825784,0.0313588850174216,261,26
0.62889,0.9059233449477352,0.07307692307692304,0.9686411149825784,0.0313588850174216,260,27
0.63342,0.8954703832752613,0.06614785992217898,0.9721254355400697,0.027874564459930314,257,30
0.63794,0.89198606271777,0.06640625,0.9721254355400697,0.027874564459930314,256,31
0.64246,0.8885017421602788,0.06666666666666665,0.9721254355400697,0.027874564459930314,255,32
0.64698,0.8850174216027874,0.06299212598425197,0.975609756097561,0.024390243902439025,254,33
0.65151,0.8850174216027874,0.06299212598425197,0.975609756097561,0.024390243902439025,254,33
0.65603,0.8850174216027874,0.06299212598425197,0.975609756097561,0.024390243902439025,254,33
0.66055,0.8850174216027874,0.06299212598425197,0.975609756097561,0.024390243902439025,254,33
0.66508,0.8850174216027874,0.06299212598425197,0.975609756097561,0.024390243902439025,254,33
0.6696,0.8815331010452961,0.06324110671936756,0.975609756097561,0.024390243902439025,253,34
0.67412,0.8745644599303136,0.06374501992031878,0.975609756097561,0.024390243902439025,251,36
0.67864,0.8710801393728222,0.06399999999999995,0.975609756097561,0.024390243902439025,250,37
0.68317,0.867595818815331,0.06425702811244982,0.975609756097561,0.024390243902439025,249,38
0.68769,0.8606271777003485,0.06072874493927127,0.975609756097561,0.024390243902439025,247,40
0.69221,0.8536585365853658,0.05306122448979589,0.975609756097561,0.024390243902439025,245,42
0.69673,0.8466898954703833,0.04938271604938271,0.9790940766550522,0.020905923344947737,243,44
0.70126,0.8432055749128919,0.04958677685950408,0.9790940766550522,0.020905923344947737,242,45
0.70578,0.8432055749128919,0.04958677685950408,0.9790940766550522,0.020905923344947737,242,45
0.7103,0.8432055749128919,0.04958677685950408,0.9790940766550522,0.020905923344947737,242,45
0.71482,0.8397212543554007,0.049792531120331995,0.9790940766550522,0.020905923344947737,241,46
0.71935,0.8327526132404182,0.04184100418410042,0.9790940766550522,0.020905923344947737,239,48
0.72387,0.8292682926829268,0.037815126050420145,0.9825783972125436,0.017421602787456445,238,49
0.72839,0.8257839721254355,0.03375527426160341,0.9825783972125436,0.017421602787456445,237,50
0.73291,0.8257839721254355,0.03375527426160341,0.9825783972125436,0.017421602787456445,237,50
0.73744,0.8222996515679443,0.03389830508474578,0.9825783972125436,0.017421602787456445,236,51
0.74196,0.8222996515679443,0.03389830508474578,0.9825783972125436,0.017421602787456445,236,51
0.74648,0.818815331010453,0.029787234042553234,0.9825783972125436,0.017421602787456445,235,52
0.75101,0.818815331010453,0.029787234042553234,0.9825783972125436,0.017421602787456445,235,52
0.75553,0.818815331010453,0.029787234042553234,0.9825783972125436,0.017421602787456445,235,52
0.76005,0.8118466898954704,0.030042918454935674,0.9825783972125436,0.017421602787456445,233,54
0.76457,0.8013937282229965,0.02608695652173909,0.9860627177700348,0.013937282229965157,230,57
0.7691,0.7979094076655052,0.026200873362445365,0.9860627177700348,0.013937282229965157,229,58
0.77362,0.794425087108014,0.02631578947368418,0.9860627177700348,0.013937282229965157,228,59
0.77814,0.7874564459930313,0.026548672566371723,0.9860627177700348,0.013937282229965157,226,61
0.78266,0.7804878048780488,0.0267857142857143,0.9860627177700348,0.013937282229965157,224,63
0.78719,0.7804878048780488,0.0267857142857143,0.9860627177700348,0.013937282229965157,224,63
0.79171,0.7735191637630662,0.022522522522522515,0.9895470383275261,0.010452961672473868,222,65
0.79623,0.7735191637630662,0.022522522522522515,0.9895470383275261,0.010452961672473868,222,65
0.80075,0.7665505226480837,0.022727272727272707,0.9895470383275261,0.010452961672473868,220,67
0.80528,0.7526132404181185,0.02314814814814814,0.9895470383275261,0.010452961672473868,216,71
0.8098,0.7421602787456446,0.023474178403755874,0.9895470383275261,0.010452961672473868,213,74
0.81432,0.7421602787456446,0.023474178403755874,0.9895470383275261,0.010452961672473868,213,74
0.81884,0.7421602787456446,0.023474178403755874,0.9895470383275261,0.010452961672473868,213,74
0.82337,0.7386759581881533,0.02358490566037741,0.9895470383275261,0.010452961672473868,212,75
0.82789,0.7386759581881533,0.02358490566037741,0.9895470383275261,0.010452961672473868,212,75
0.83241,0.735191637630662,0.023696682464455,0.9895470383275261,0.010452961672473868,211,76
0.83693,0.7247386759581882,0.024038461538461564,0.9895470383275261,0.010452961672473868,208,79
0.84146,0.7212543554006968,0.024154589371980673,0.9895470383275261,0.010452961672473868,207,80
0.84598,0.7142857142857143,0.024390243902439046,0.9895470383275261,0.010452961672473868,205,82
0.8505,0.710801393728223,0.02450980392156865,0.9895470383275261,0.010452961672473868,204,83
0.85503,0.7038327526132404,0.024752475247524774,0.9895470383275261,0.010452961672473868,202,85
0.85955,0.7003484320557491,0.01990049751243783,0.9930313588850174,0.006968641114982578,201,86
0.86407,0.6968641114982579,0.020000000000000018,0.9930313588850174,0.006968641114982578,200,87
0.86859,0.6933797909407665,0.02010050251256279,0.9930313588850174,0.006968641114982578,199,88
0.87312,0.6933797909407665,0.02010050251256279,0.9930313588850174,0.006968641114982578,199,88
0.87764,0.686411149825784,0.015228426395939132,0.9965156794425087,0.003484320557491289,197,90
0.88216,0.6829268292682927,0.010204081632653073,1.0,0.0,196,91
0.88668,0.6759581881533101,0.010309278350515427,1.0,0.0,194,93
0.89121,0.6689895470383276,0.01041666666666663,1.0,0.0,192,95
0.89573,0.6480836236933798,0.010752688172043001,1.0,0.0,186,101
0.90025,0.6376306620209059,0.010928961748633892,1.0,0.0,183,104
0.90477,0.6306620209059234,0.011049723756906049,1.0,0.0,181,106
0.9093,0.627177700348432,0.011111111111111072,1.0,0.0,180,107
0.91382,0.6132404181184669,0.011363636363636354,1.0,0.0,176,111
0.91834,0.6027874564459931,0.011560693641618491,1.0,0.0,173,114
0.92286,0.5958188153310104,0.011695906432748537,1.0,0.0,171,116
0.92739,0.5853658536585366,0.011904761904761862,1.0,0.0,168,119
0.93191,0.578397212543554,0.012048192771084376,1.0,0.0,166,121
0.93643,0.5644599303135889,0.012345679012345734,1.0,0.0,162,125
0.94095,0.5644599303135889,0.012345679012345734,1.0,0.0,162,125
0.94548,0.554006968641115,0.012578616352201255,1.0,0.0,159,128
0.95,0.5470383275261324,0.01273885350318471,1.0,0.0,157,130
