surface,group,file,max_similarity
sand2,terrain,frame_000.png,0.487914
sand2,terrain,frame_001.png,0.593727
sand2,terrain,frame_002.png,0.519297
sand2,terrain,frame_003.png,0.420689
sand2,terrain,frame_004.png,0.303764
sand2,terrain,frame_007.png,0.420804
sand2,terrain,frame_008.png,0.361312
sand2,terrain,frame_009.png,0.456946
sand2,terrain,frame_010.png,0.430141
sand2,terrain,frame_011.png,0.386191
sand2,terrain,frame_012.png,0.442844
sand2,terrain,frame_013.png,0.369471
sand2,terrain,frame_014.png,0.49199
sand2,terrain,frame_015.png,0.485545
sand2,terrain,frame_016.png,0.444823
sand2,terrain,frame_017.png,0.495979
sand2,terrain,frame_018.png,0.502528
sand2,terrain,frame_019.png,0.642523
sand2,terrain,frame_020.png,0.507571
rock,terrain,frame_000.png,0.368611
rock,terrain,frame_001.png,0.35402
rock,terrain,frame_002.png,0.373561
rock,terrain,frame_003.png,0.38872
rock,terrain,frame_004.png,0.358502
rock,terrain,frame_005.png,0.366581
rock,terrain,frame_006.png,0.397583
rock,terrain,frame_007.png,0.336504
rock,terrain,frame_008.png,0.308483
rock,terrain,frame_009.png,0.321009
rock,terrain,frame_010.png,0.335256
rock,terrain,frame_011.png,0.319548
rock,terrain,frame_012.png,0.364498
rock,terrain,frame_013.png,0.312405
rock,terrain,frame_014.png,0.367171
rock,terrain,frame_015.png,0.301431
rock,terrain,frame_016.png,0.290657
rock,terrain,frame_017.png,0.29574
rock,terrain,frame_018.png,0.312866
rock,terrain,frame_019.png,0.278093
rock,terrain,frame_020.png,0.362373
mixed,terrain,frame_000.png,0.510768
mixed,terrain,frame_001.png,0.548236
mixed,terrain,frame_002.png,0.566502
mixed,terrain,frame_003.png,0.535079
mixed,terrain,frame_004.png,0.561683
mixed,terrain,frame_005.png,0.551695
mixed,terrain,frame_006.png,0.571226
mixed,terrain,frame_007.png,0.516781
mixed,terrain,frame_008.png,0.495804
mixed,terrain,frame_009.png,0.54963
mixed,terrain,frame_010.png,0.511642
mixed,terrain,frame_011.png,0.598082
mixed,terrain,frame_012.png,0.574596
mixed,terrain,frame_013.png,0.59786
mixed,terrain,frame_014.png,0.411644
mixed,terrain,frame_015.png,0.41381
mixed,terrain,frame_016.png,0.444902
mixed,terrain,frame_017.png,0.437585
mixed,terrain,frame_018.png,0.441818
mixed,terrain,frame_019.png,0.54892
mixed,terrain,frame_020.png,0.511576
sandpit_edge,terrain,frame_000.png,0.290203
sandpit_edge,terrain,frame_001.png,0.298438
sandpit_edge,terrain,frame_002.png,0.257911
sandpit_edge,terrain,frame_003.png,0.262468
sandpit_edge,terrain,frame_004.png,0.302135
sandpit_edge,terrain,frame_005.png,0.293764
sandpit_edge,terrain,frame_006.png,0.285345
sandpit_edge,terrain,frame_007.png,0.277834
sandpit_edge,terrain,frame_008.png,0.285635
sandpit_edge,terrain,frame_009.png,0.291203
sandpit_edge,terrain,frame_010.png,0.31285
sandpit_edge,terrain,frame_011.png,0.2979
sandpit_edge,terrain,frame_012.png,0.304718
sandpit_edge,terrain,frame_013.png,0.294492
sandpit_edge,terrain,frame_014.png,0.232217
sandpit_edge,terrain,frame_015.png,0.258243
sandpit_edge,terrain,frame_016.png,0.242304
sandpit_edge,terrain,frame_017.png,0.272554
sandpit_edge,terrain,frame_018.png,0.320797
sandpit_edge,terrain,frame_019.png,0.302364
sandpit_edge,terrain,frame_020.png,0.304209
horizon,terrain,frame_000.png,0.322577
horizon,terrain,frame_001.png,0.311071
horizon,terrain,frame_002.png,0.305623
horizon,terrain,frame_003.png,0.30612
horizon,terrain,frame_004.png,0.320788
horizon,terrain,frame_005.png,0.280505
horizon,terrain,frame_006.png,0.279893
horizon,terrain,frame_007.png,0.263377
horizon,terrain,frame_008.png,0.299013
horizon,terrain,frame_009.png,0.279981
horizon,terrain,frame_010.png,0.276341
horizon,terrain,frame_011.png,0.248247
horizon,terrain,frame_012.png,0.277027
horizon,terrain,frame_013.png,0.262106
horizon,terrain,frame_014.png,0.320938
horizon,terrain,frame_015.png,0.334293
horizon,terrain,frame_016.png,0.314418
horizon,terrain,frame_017.png,0.306902
horizon,terrain,frame_018.png,0.296496
horizon,terrain,frame_019.png,0.318561
horizon,terrain,frame_020.png,0.3225
floor2,terrain,frame_000.png,0.606825
floor2,terrain,frame_001.png,0.569159
floor2,terrain,frame_002.png,0.54648
floor2,terrain,frame_003.png,0.5357
floor2,terrain,frame_004.png,0.515687
floor2,terrain,frame_005.png,0.464833
floor2,terrain,frame_007.png,0.535113
floor2,terrain,frame_008.png,0.559458
floor2,terrain,frame_009.png,0.571467
floor2,terrain,frame_010.png,0.56814
floor2,terrain,frame_011.png,0.526348
floor2,terrain,frame_012.png,0.569077
floor2,terrain,frame_013.png,0.5588
floor2,terrain,frame_014.png,0.570932
floor2,terrain,frame_015.png,0.581901
floor2,terrain,frame_016.png,0.502584
floor2,terrain,frame_017.png,0.590648
floor2,terrain,frame_018.png,0.579067
floor2,terrain,frame_019.png,0.587852
floor2,terrain,frame_020.png,0.587439
wall,not_terrain,frame_000.png,0.36405
wall,not_terrain,frame_001.png,0.366636
wall,not_terrain,frame_002.png,0.363306
wall,not_terrain,frame_003.png,0.369464
wall,not_terrain,frame_004.png,0.359693
wall,not_terrain,frame_005.png,0.36384
wall,not_terrain,frame_006.png,0.375215
wall,not_terrain,frame_007.png,0.334722
wall,not_terrain,frame_008.png,0.347188
wall,not_terrain,frame_009.png,0.342296
wall,not_terrain,frame_010.png,0.336694
wall,not_terrain,frame_011.png,0.343855
wall,not_terrain,frame_012.png,0.35019
wall,not_terrain,frame_013.png,0.342212
wall,not_terrain,frame_014.png,0.35207
wall,not_terrain,frame_015.png,0.357648
wall,not_terrain,frame_016.png,0.351718
wall,not_terrain,frame_017.png,0.354198
wall,not_terrain,frame_018.png,0.351541
wall,not_terrain,frame_019.png,0.345535
wall,not_terrain,frame_020.png,0.362246
box,not_terrain,frame_000.png,0.163042
box,not_terrain,frame_001.png,0.17172
box,not_terrain,frame_002.png,0.18826
box,not_terrain,frame_003.png,0.191271
box,not_terrain,frame_004.png,0.200177
box,not_terrain,frame_005.png,0.191651
box,not_terrain,frame_006.png,0.189004
box,not_terrain,frame_007.png,0.278907
box,not_terrain,frame_008.png,0.274673
box,not_terrain,frame_009.png,0.306712
box,not_terrain,frame_010.png,0.28431
box,not_terrain,frame_011.png,0.29397
box,not_terrain,frame_012.png,0.298718
box,not_terrain,frame_013.png,0.326122
box,not_terrain,frame_014.png,0.228737
box,not_terrain,frame_015.png,0.205138
box,not_terrain,frame_016.png,0.207685
box,not_terrain,frame_017.png,0.182125
box,not_terrain,frame_018.png,0.197821
box,not_terrain,frame_019.png,0.20431
box,not_terrain,frame_020.png,0.204377
glass,not_terrain,frame_000.png,0.349275
glass,not_terrain,frame_001.png,0.309957
glass,not_terrain,frame_002.png,0.279317
glass,not_terrain,frame_003.png,0.313388
glass,not_terrain,frame_004.png,0.300314
glass,not_terrain,frame_005.png,0.313934
glass,not_terrain,frame_006.png,0.342183
glass,not_terrain,frame_007.png,0.392668
glass,not_terrain,frame_008.png,0.341642
glass,not_terrain,frame_009.png,0.332385
glass,not_terrain,frame_010.png,0.33593
glass,not_terrain,frame_011.png,0.335023
glass,not_terrain,frame_012.png,0.372926
glass,not_terrain,frame_013.png,0.305333
glass,not_terrain,frame_014.png,0.206036
glass,not_terrain,frame_015.png,0.220718
glass,not_terrain,frame_016.png,0.211528
glass,not_terrain,frame_017.png,0.217743
glass,not_terrain,frame_018.png,0.194122
glass,not_terrain,frame_019.png,0.180692
glass,not_terrain,frame_020.png,0.20386
hand2,not_terrain,frame_000.png,0.28055
hand2,not_terrain,frame_001.png,0.227857
hand2,not_terrain,frame_002.png,0.274319
hand2,not_terrain,frame_003.png,0.300451
hand2,not_terrain,frame_004.png,0.268006
hand2,not_terrain,frame_005.png,0.26323
hand2,not_terrain,frame_006.png,0.265722
hand2,not_terrain,frame_007.png,0.246032
hand2,not_terrain,frame_008.png,0.238826
hand2,not_terrain,frame_009.png,0.196712
hand2,not_terrain,frame_010.png,0.296812
hand2,not_terrain,frame_011.png,0.267789
hand2,not_terrain,frame_012.png,0.248012
hand2,not_terrain,frame_013.png,0.246377
hand2,not_terrain,frame_014.png,0.267146
hand2,not_terrain,frame_015.png,0.2732
hand2,not_terrain,frame_016.png,0.21235
hand2,not_terrain,frame_017.png,0.22907
hand2,not_terrain,frame_018.png,0.18223
hand2,not_terrain,frame_019.png,0.267318
hand2,not_terrain,frame_020.png,0.255303
hand2,not_terrain,frame_021.png,0.139165
hand2,not_terrain,frame_022.png,0.158905
hand2,not_terrain,frame_023.png,0.145877
hand2,not_terrain,frame_024.png,0.156549
hand2,not_terrain,frame_025.png,0.183371
hand2,not_terrain,frame_026.png,0.16854
hand2,not_terrain,frame_027.png,0.151377
