source,dinov2_score,lidar_risk,imu_risk,max_combine,weighted_sum,diluted_a_stop_signal
lidar_log,0.4432,0.0,0.0,0.4432,0.1477,False
lidar_log,0.4432,0.0,0.0,0.4432,0.1477,False
lidar_log,0.4432,0.0,0.0,0.4432,0.1477,False
lidar_log,0.443,0.0,0.0,0.443,0.1477,False
lidar_log,0.443,0.0,0.0,0.443,0.1477,False
lidar_log,0.4432,0.0,0.0,0.4432,0.1477,False
lidar_log,0.446,0.0,0.0,0.446,0.1487,False
lidar_log,0.4592,0.0,0.0,0.4592,0.1531,False
lidar_log,0.4592,0.0,0.0,0.4592,0.1531,False
lidar_log,0.4213,0.0,0.0,0.4213,0.1404,False
lidar_log,0.4213,0.0,0.0,0.4213,0.1404,False
lidar_log,0.4322,0.0,0.0,0.4322,0.1441,False
lidar_log,0.4322,0.0,0.0,0.4322,0.1441,False
lidar_log,0.4657,0.0,0.0,0.4657,0.1552,False
lidar_log,0.4657,0.0,0.0,0.4657,0.1552,False
lidar_log,0.4657,0.0,0.0,0.4657,0.1552,False
lidar_log,0.4657,0.0,0.0,0.4657,0.1552,False
lidar_log,0.476,0.0,0.0,0.476,0.1587,False
lidar_log,0.476,0.0,0.0,0.476,0.1587,False
lidar_log,0.476,0.0,0.0,0.476,0.1587,False
lidar_log,0.4823,0.0,0.0,0.4823,0.1608,False
lidar_log,0.4823,0.0,0.0,0.4823,0.1608,False
lidar_log,0.4823,0.0,0.0,0.4823,0.1608,False
lidar_log,0.4698,0.0,0.0,0.4698,0.1566,False
lidar_log,0.4698,0.0,0.0,0.4698,0.1566,False
lidar_log,0.4698,0.0,0.0,0.4698,0.1566,False
lidar_log,0.4754,0.0,0.0,0.4754,0.1585,False
lidar_log,0.4754,0.0,0.0,0.4754,0.1585,False
lidar_log,0.4793,0.0,0.0,0.4793,0.1598,False
lidar_log,0.4793,0.0,0.0,0.4793,0.1598,False
lidar_log,0.4793,0.0,0.0,0.4793,0.1598,False
lidar_log,0.4787,0.0,0.0,0.4787,0.1596,False
lidar_log,0.4787,0.0,0.0,0.4787,0.1596,False
lidar_log,0.4787,0.0,0.0,0.4787,0.1596,False
lidar_log,0.4819,0.0,0.0,0.4819,0.1606,False
lidar_log,0.4819,0.0,0.0,0.4819,0.1606,False
lidar_log,0.4819,0.0,0.0,0.4819,0.1606,False
lidar_log,0.4946,0.0,0.0,0.4946,0.1649,False
lidar_log,0.4922,0.0,0.0,0.4922,0.1641,False
lidar_log,0.4922,0.0,0.0,0.4922,0.1641,False
lidar_log,0.4903,0.0,0.0,0.4903,0.1634,False
lidar_log,0.4903,0.0,0.0,0.4903,0.1634,False
lidar_log,0.4903,0.0,0.0,0.4903,0.1634,False
lidar_log,0.4903,0.0,0.0,0.4903,0.1634,False
lidar_log,0.4903,0.0,0.0,0.4903,0.1634,False
lidar_log,0.4933,0.0,0.0,0.4933,0.1644,False
lidar_log,0.4933,0.0,0.0,0.4933,0.1644,False
lidar_log,0.4931,0.0,0.0,0.4931,0.1644,False
lidar_log,0.4931,0.0,0.0,0.4931,0.1644,False
lidar_log,0.495,0.0,0.0,0.495,0.165,False
lidar_log,0.495,0.0,0.0,0.495,0.165,False
lidar_log,0.4972,0.0,0.0,0.4972,0.1657,False
lidar_log,0.4972,0.0,0.0,0.4972,0.1657,False
lidar_log,0.493,0.0,0.0,0.493,0.1643,False
lidar_log,0.493,0.0,0.0,0.493,0.1643,False
lidar_log,0.493,0.0,0.0,0.493,0.1643,False
lidar_log,0.4956,0.0,0.0,0.4956,0.1652,False
lidar_log,0.4984,0.0,0.0,0.4984,0.1661,False
lidar_log,0.4984,0.0,0.0,0.4984,0.1661,False
lidar_log,0.4995,0.0,0.0,0.4995,0.1665,False
lidar_log,0.4995,0.0,0.0,0.4995,0.1665,False
lidar_log,0.4995,0.0,0.0,0.4995,0.1665,False
lidar_log,0.498,0.0,0.0,0.498,0.166,False
lidar_log,0.498,0.0,0.0,0.498,0.166,False
lidar_log,0.4944,0.0,0.0,0.4944,0.1648,False
lidar_log,0.5079,0.0,0.0,0.5079,0.1693,False
lidar_log,0.509,0.0,0.0,0.509,0.1697,False
lidar_log,0.5147,0.0,0.0,0.5147,0.1716,False
lidar_log,0.5147,0.0,0.0,0.5147,0.1716,False
lidar_log,0.5236,0.0,0.0,0.5236,0.1745,False
lidar_log,0.5265,0.0,0.0,0.5265,0.1755,False
lidar_log,0.5181,0.0,0.0,0.5181,0.1727,False
lidar_log,0.5051,0.0,0.0,0.5051,0.1684,False
lidar_log,0.5051,0.0,0.0,0.5051,0.1684,False
lidar_log,0.501,0.0,0.0,0.501,0.167,False
lidar_log,0.5005,0.0,0.0,0.5005,0.1668,False
lidar_log,0.5,0.0,0.0,0.5,0.1667,False
imu_log,0.0,0.0,0.0,0.0,0.0,False
imu_log,0.0,0.0,0.0,0.0,0.0,False
imu_log,0.0,0.0,0.0,0.0,0.0,False
imu_log,0.0,0.0,0.0,0.0,0.0,False
imu_log,0.0,0.0,0.0,0.0,0.0,False
imu_log,0.0,0.0,0.0,0.0,0.0,False
imu_log,0.0,0.0,0.0,0.0,0.0,False
imu_log,0.0,0.0,0.0,0.0,0.0,False
imu_log,0.0,0.0,0.0,0.0,0.0,False
imu_log,0.0,0.0,0.0,0.0,0.0,False
imu_log,0.0,0.0,0.0,0.0,0.0,False
imu_log,0.0,0.0,0.0,0.0,0.0,False
imu_log,0.0,0.0,0.0,0.0,0.0,False
imu_log,0.0,0.0,0.0,0.0,0.0,False
imu_log,0.0,0.0,0.0,0.0,0.0,False
imu_log,0.0,0.0,0.0,0.0,0.0,False
imu_log,0.0,0.0,0.0,0.0,0.0,False
imu_log,0.0,0.0,0.0,0.0,0.0,False
imu_log,0.0,0.0,0.0,0.0,0.0,False
imu_log,0.0,0.0,0.0,0.0,0.0,False
imu_log,0.0,0.0,0.0,0.0,0.0,False
imu_log,0.0,0.0,0.0,0.0,0.0,False
imu_log,0.0,0.0,0.0,0.0,0.0,False
imu_log,0.0,0.0,0.0,0.0,0.0,False
imu_log,0.0,0.0,0.0,0.0,0.0,False
imu_log,0.0,0.0,0.0,0.0,0.0,False
imu_log,0.0,0.0,0.0,0.0,0.0,False
imu_log,0.0,0.0,0.0,0.0,0.0,False
imu_log,0.0,0.0,0.0,0.0,0.0,False
imu_log,0.0,0.0,0.0,0.0,0.0,False
imu_log,0.0,0.0,0.0,0.0,0.0,False
imu_log,0.0,0.0,0.0,0.0,0.0,False
imu_log,0.0,0.0,0.0,0.0,0.0,False
imu_log,0.0,0.0,0.0,0.0,0.0,False
imu_log,0.0,0.0,0.0,0.0,0.0,False
imu_log,0.0,0.0,0.0,0.0,0.0,False
imu_log,0.0,0.0,0.0,0.0,0.0,False
imu_log,0.0,0.0,0.0,0.0,0.0,False
imu_log,0.0,0.0,0.0,0.0,0.0,False
imu_log,0.0,0.0,0.0,0.0,0.0,False
imu_log,0.0,0.0,0.0,0.0,0.0,False
imu_log,0.0,0.0,0.0,0.0,0.0,False
imu_log,0.0,0.0,0.0,0.0,0.0,False
imu_log,0.0,0.0,0.0,0.0,0.0,False
imu_log,0.0,0.0,0.0,0.0,0.0,False
imu_log,0.0,0.0,0.0,0.0,0.0,False
imu_log,0.0,0.0,0.0,0.0,0.0,False
imu_log,0.0,0.0,0.0,0.0,0.0,False
imu_log,0.0,0.0,0.0,0.0,0.0,False
imu_log,0.0,0.0,0.0,0.0,0.0,False
imu_log,0.0,0.0,0.0,0.0,0.0,False
imu_log,0.0,0.0,0.0,0.0,0.0,False
imu_log,0.0,0.0,0.0,0.0,0.0,False
imu_log,0.0,0.0,0.0,0.0,0.0,False
imu_log,0.0,0.0,0.0,0.0,0.0,False
imu_log,0.0,0.0,0.0,0.0,0.0,False
imu_log,0.0,0.0,0.0,0.0,0.0,False
imu_log,0.0,0.0,0.0,0.0,0.0,False
imu_log,0.0,0.0,0.0,0.0,0.0,False
imu_log,0.0,0.0,0.0,0.0,0.0,False
imu_log,0.0,0.0,0.0,0.0,0.0,False
imu_log,0.0,0.0,0.0,0.0,0.0,False
imu_log,0.0,0.0,0.0,0.0,0.0,False
imu_log,0.0,0.0,0.5,0.5,0.1667,False
imu_log,0.0,0.0,0.5,0.5,0.1667,False
imu_log,0.0,0.0,0.5,0.5,0.1667,False
imu_log,0.0,0.0,0.5,0.5,0.1667,False
imu_log,0.0,0.0,0.5,0.5,0.1667,False
imu_log,0.0,0.0,0.5,0.5,0.1667,False
imu_log,0.0,0.0,0.5,0.5,0.1667,False
imu_log,0.0,0.0,0.5,0.5,0.1667,False
imu_log,0.0,0.0,0.5,0.5,0.1667,False
imu_log,0.0,0.0,0.5,0.5,0.1667,False
imu_log,0.0,0.0,0.5,0.5,0.1667,False
imu_log,0.0,0.0,0.5,0.5,0.1667,False
imu_log,0.0,0.0,0.5,0.5,0.1667,False
imu_log,0.0,0.0,0.5,0.5,0.1667,False
imu_log,0.0,0.0,0.5,0.5,0.1667,False
imu_log,0.0,0.0,0.5,0.5,0.1667,False
imu_log,0.0,0.0,0.5,0.5,0.1667,False
imu_log,0.0,0.0,0.5,0.5,0.1667,False
imu_log,0.0,0.0,0.5,0.5,0.1667,False
imu_log,0.0,0.0,0.5,0.5,0.1667,False
imu_log,0.0,0.0,1.0,1.0,0.3333,True
imu_log,0.0,0.0,1.0,1.0,0.3333,True
imu_log,0.0,0.0,1.0,1.0,0.3333,True
imu_log,0.0,0.0,1.0,1.0,0.3333,True
imu_log,0.0,0.0,1.0,1.0,0.3333,True
imu_log,0.0,0.0,1.0,1.0,0.3333,True
imu_log,0.0,0.0,1.0,1.0,0.3333,True
imu_log,0.0,0.0,1.0,1.0,0.3333,True
imu_log,0.0,0.0,1.0,1.0,0.3333,True
imu_log,0.0,0.0,1.0,1.0,0.3333,True
imu_log,0.0,0.0,1.0,1.0,0.3333,True
imu_log,0.0,0.0,1.0,1.0,0.3333,True
imu_log,0.0,0.0,1.0,1.0,0.3333,True
imu_log,0.0,0.0,1.0,1.0,0.3333,True
imu_log,0.0,0.0,1.0,1.0,0.3333,True
imu_log,0.0,0.0,1.0,1.0,0.3333,True
imu_log,0.0,0.0,1.0,1.0,0.3333,True
imu_log,0.0,0.0,1.0,1.0,0.3333,True
imu_log,0.0,0.0,1.0,1.0,0.3333,True
imu_log,0.0,0.0,1.0,1.0,0.3333,True
imu_log,0.0,0.0,1.0,1.0,0.3333,True
imu_log,0.0,0.0,1.0,1.0,0.3333,True
imu_log,0.0,0.0,1.0,1.0,0.3333,True
imu_log,0.0,0.0,1.0,1.0,0.3333,True
imu_log,0.0,0.0,1.0,1.0,0.3333,True
imu_log,0.0,0.0,1.0,1.0,0.3333,True
imu_log,0.0,0.0,1.0,1.0,0.3333,True
imu_log,0.0,0.0,1.0,1.0,0.3333,True
imu_log,0.0,0.0,1.0,1.0,0.3333,True
imu_log,0.0,0.0,1.0,1.0,0.3333,True
imu_log,0.0,0.0,1.0,1.0,0.3333,True
imu_log,0.0,0.0,1.0,1.0,0.3333,True
imu_log,0.0,0.0,1.0,1.0,0.3333,True
imu_log,0.0,0.0,1.0,1.0,0.3333,True
imu_log,0.0,0.0,1.0,1.0,0.3333,True
imu_log,0.0,0.0,1.0,1.0,0.3333,True
imu_log,0.0,0.0,1.0,1.0,0.3333,True
imu_log,0.0,0.0,1.0,1.0,0.3333,True
imu_log,0.0,0.0,1.0,1.0,0.3333,True
imu_log,0.0,0.0,1.0,1.0,0.3333,True
