image_index,true_label_idx,true_label_name,pred_label_idx,pred_label_name,confidence,correct
0,9,drh,9,drh,0.9384,True
1,13,gro,3,art,0.2278,False
2,5,cio,5,cio,0.6288,True
3,32,tur,32,tur,0.9154,True
4,13,gro,13,gro,0.8173,True
5,9,drh,9,drh,0.9162,True
6,32,tur,32,tur,0.7334,True
7,32,tur,32,tur,0.8856,True
8,14,hor,14,hor,0.6812,True
9,13,gro,13,gro,0.9566,True
10,32,tur,32,tur,0.9085,True
11,32,tur,32,tur,0.7588,True
12,15,inl,15,inl,0.7043,True
13,13,gro,13,gro,0.9599,True
14,32,tur,32,tur,0.9143,True
15,9,drh,9,drh,0.9159,True
16,30,sco,30,sco,0.7065,True
17,14,hor,14,hor,0.6538,True
18,32,tur,32,tur,0.8106,True
19,14,hor,14,hor,0.6544,True
20,13,gro,13,gro,0.677,True
21,32,tur,32,tur,0.7535,True
22,20,mas,20,mas,0.4197,True
23,13,gro,13,gro,0.4566,True
24,13,gro,13,gro,0.9555,True
25,32,tur,32,tur,0.7734,True
26,15,inl,15,inl,0.6578,True
27,23,obt,23,obt,0.6622,True
28,25,ptu,25,ptu,0.555,True
29,32,tur,32,tur,0.9135,True
30,32,tur,32,tur,0.5569,True
31,14,hor,14,hor,0.7453,True
32,11,drt,11,drt,0.7118,True
33,9,drh,9,drh,0.857,True
34,13,gro,13,gro,0.9388,True
35,13,gro,13,gro,0.8884,True
36,9,drh,9,drh,0.936,True
37,13,gro,13,gro,0.8295,True
38,13,gro,13,gro,0.4949,True
39,32,tur,32,tur,0.8821,True
40,32,tur,32,tur,0.8445,True
41,9,drh,9,drh,0.9312,True
42,13,gro,13,gro,0.9504,True
43,13,gro,13,gro,0.9635,True
44,13,gro,13,gro,0.9233,True
45,14,hor,14,hor,0.3672,True
46,9,drh,9,drh,0.866,True
47,13,gro,13,gro,0.9705,True
48,15,inl,15,inl,0.7285,True
49,23,obt,23,obt,0.6477,True
50,13,gro,13,gro,0.6431,True
51,13,gro,13,gro,0.9524,True
52,11,drt,11,drt,0.6167,True
53,13,gro,13,gro,0.8452,True
54,0,apx,0,apx,0.1851,True
55,32,tur,32,tur,0.6638,True
56,11,drt,11,drt,0.8691,True
57,14,hor,14,hor,0.2926,True
58,21,mca,21,mca,0.8733,True
59,13,gro,13,gro,0.8858,True
60,13,gro,13,gro,0.9497,True
61,11,drt,11,drt,0.7971,True
62,1,act,1,act,0.1807,True
63,32,tur,32,tur,0.8892,True
64,13,gro,13,gro,0.749,True
65,15,inl,15,inl,0.4752,True
66,32,tur,32,tur,0.7783,True
67,13,gro,13,gro,0.4972,True
68,0,apx,24,pbo,0.1787,False
69,15,inl,15,inl,0.6053,True
70,13,gro,13,gro,0.8555,True
71,32,tur,32,tur,0.9454,True
72,13,gro,13,gro,0.9148,True
73,23,obt,23,obt,0.6514,True
74,32,tur,32,tur,0.9407,True
75,13,gro,13,gro,0.9563,True
76,13,gro,13,gro,0.7255,True
77,13,gro,13,gro,0.5568,True
78,32,tur,32,tur,0.9315,True
79,9,drh,9,drh,0.9503,True
80,14,hor,14,hor,0.4542,True
81,13,gro,13,gro,0.7102,True
82,15,inl,15,inl,0.4966,True
83,25,ptu,25,ptu,0.5722,True
84,25,ptu,25,ptu,0.6314,True
85,15,inl,15,inl,0.6263,True
86,5,cio,5,cio,0.5426,True
87,30,sco,30,sco,0.7036,True
88,32,tur,32,tur,0.9157,True
89,0,apx,0,apx,0.4168,True
90,13,gro,13,gro,0.9125,True
91,5,cio,5,cio,0.5706,True
92,32,tur,32,tur,0.353,True
93,13,gro,13,gro,0.6213,True
94,13,gro,13,gro,0.9003,True
95,13,gro,13,gro,0.8619,True
96,32,tur,32,tur,0.9172,True
97,20,mas,20,mas,0.1589,True
98,32,tur,32,tur,0.8913,True
99,32,tur,32,tur,0.8593,True
100,32,tur,32,tur,0.9324,True
101,13,gro,13,gro,0.7688,True
102,32,tur,32,tur,0.8995,True
103,13,gro,13,gro,0.9552,True
104,32,tur,32,tur,0.9371,True
105,32,tur,32,tur,0.4373,True
106,13,gro,13,gro,0.9674,True
107,9,drh,9,drh,0.8598,True
108,13,gro,13,gro,0.8429,True
109,13,gro,13,gro,0.94,True
110,13,gro,13,gro,0.9555,True
111,5,cio,5,cio,0.5069,True
112,5,cio,5,cio,0.5215,True
113,32,tur,32,tur,0.8224,True
114,13,gro,13,gro,0.7374,True
115,13,gro,13,gro,0.9287,True
116,13,gro,13,gro,0.9183,True
117,30,sco,30,sco,0.2647,True
118,14,hor,14,hor,0.327,True
119,13,gro,13,gro,0.9551,True
120,13,gro,13,gro,0.9006,True
121,13,gro,13,gro,0.8943,True
122,28,rrd,15,inl,0.156,False
123,21,mca,21,mca,0.7296,True
124,13,gro,13,gro,0.9405,True
125,21,mca,21,mca,0.8622,True
126,9,drh,9,drh,0.9205,True
127,0,apx,0,apx,0.2548,True
128,13,gro,13,gro,0.8896,True
129,15,inl,15,inl,0.8936,True
130,13,gro,13,gro,0.8132,True
131,13,gro,13,gro,0.6487,True
132,28,rrd,28,rrd,0.1792,True
133,13,gro,13,gro,0.4962,True
134,15,inl,15,inl,0.8472,True
135,32,tur,32,tur,0.9133,True
136,32,tur,32,tur,0.8251,True
137,13,gro,13,gro,0.3851,True
138,30,sco,30,sco,0.7505,True
139,13,gro,13,gro,0.8707,True
140,13,gro,13,gro,0.9079,True
141,14,hor,3,art,0.3729,False
142,13,gro,13,gro,0.8967,True
143,30,sco,30,sco,0.7272,True
144,28,rrd,28,rrd,0.1649,True
145,30,sco,25,ptu,0.1963,False
146,32,tur,32,tur,0.8906,True
147,11,drt,11,drt,0.5025,True
148,32,tur,32,tur,0.5453,True
149,23,obt,23,obt,0.5333,True
150,32,tur,32,tur,0.7615,True
151,0,apx,25,ptu,0.2537,False
152,13,gro,13,gro,0.9236,True
153,5,cio,5,cio,0.6183,True
154,21,mca,21,mca,0.8037,True
155,32,tur,32,tur,0.8559,True
156,19,mct,19,mct,0.4013,True
157,25,ptu,25,ptu,0.3735,True
158,25,ptu,25,ptu,0.6077,True
159,11,drt,11,drt,0.4943,True
160,15,inl,15,inl,0.8528,True
161,32,tur,32,tur,0.9128,True
162,13,gro,13,gro,0.9343,True
163,13,gro,13,gro,0.9407,True
164,9,drh,9,drh,0.9123,True
165,14,hor,14,hor,0.6275,True
166,18,mah,32,tur,0.1818,False
167,13,gro,13,gro,0.892,True
168,23,obt,23,obt,0.5659,True
169,13,gro,13,gro,0.9498,True
170,24,pbo,24,pbo,0.3252,True
171,11,drt,11,drt,0.8352,True
172,13,gro,13,gro,0.9071,True
173,24,pbo,32,tur,0.1491,False
174,24,pbo,30,sco,0.1841,False
175,5,cio,5,cio,0.549,True
176,14,hor,14,hor,0.4053,True
177,13,gro,13,gro,0.9642,True
178,13,gro,13,gro,0.4881,True
179,13,gro,13,gro,0.9596,True
180,21,mca,21,mca,0.8801,True
181,32,tur,32,tur,0.6432,True
182,13,gro,13,gro,0.9163,True
183,14,hor,14,hor,0.248,True
184,19,mct,19,mct,0.7154,True
185,9,drh,9,drh,0.866,True
186,13,gro,13,gro,0.9004,True
187,13,gro,13,gro,0.9631,True
188,32,tur,32,tur,0.4086,True
189,0,apx,0,apx,0.211,True
190,14,hor,14,hor,0.6036,True
191,5,cio,5,cio,0.5204,True
192,13,gro,13,gro,0.7625,True
193,13,gro,13,gro,0.9367,True
194,19,mct,3,art,0.2209,False
195,27,rem,15,inl,0.3105,False
196,13,gro,13,gro,0.9706,True
197,13,gro,13,gro,0.4273,True
198,11,drt,11,drt,0.4128,True
199,13,gro,13,gro,0.9359,True
200,13,gro,13,gro,0.9416,True
201,9,drh,9,drh,0.9388,True
202,11,drt,11,drt,0.6025,True
203,13,gro,13,gro,0.8035,True
204,13,gro,13,gro,0.7399,True
205,20,mas,30,sco,0.146,False
206,13,gro,13,gro,0.9557,True
207,13,gro,13,gro,0.9704,True
208,32,tur,32,tur,0.8173,True
209,8,dri,8,dri,0.2319,True
210,9,drh,9,drh,0.9415,True
211,13,gro,13,gro,0.7179,True
212,13,gro,13,gro,0.8453,True
213,32,tur,32,tur,0.8006,True
214,14,hor,14,hor,0.6348,True
215,32,tur,32,tur,0.7338,True
216,30,sco,30,sco,0.7217,True
217,13,gro,6,clr,0.2967,False
218,9,drh,9,drh,0.9277,True
219,25,ptu,25,ptu,0.6797,True
220,14,hor,14,hor,0.4296,True
221,27,rem,27,rem,0.3972,True
222,13,gro,13,gro,0.8403,True
223,11,drt,11,drt,0.6564,True
224,24,pbo,24,pbo,0.2674,True
225,30,sco,30,sco,0.7198,True
226,20,mas,20,mas,0.3564,True
227,13,gro,13,gro,0.958,True
228,13,gro,13,gro,0.8996,True
229,13,gro,13,gro,0.9441,True
230,11,drt,11,drt,0.6942,True
231,32,tur,32,tur,0.8807,True
232,9,drh,9,drh,0.9314,True
233,13,gro,13,gro,0.6075,True
234,13,gro,13,gro,0.9465,True
235,13,gro,13,gro,0.8002,True
236,13,gro,13,gro,0.7028,True
237,32,tur,32,tur,0.7225,True
238,8,dri,32,tur,0.143,False
239,9,drh,9,drh,0.9341,True
240,13,gro,13,gro,0.9539,True
241,13,gro,14,hor,0.4332,False
242,5,cio,5,cio,0.6122,True
243,13,gro,13,gro,0.9475,True
244,9,drh,9,drh,0.9345,True
245,4,cct,15,inl,0.0991,False
246,13,gro,13,gro,0.9545,True
247,23,obt,23,obt,0.3958,True
248,13,gro,13,gro,0.6689,True
249,14,hor,3,art,0.2661,False
250,13,gro,13,gro,0.9669,True
251,9,drh,9,drh,0.9377,True
252,14,hor,13,gro,0.3157,False
253,13,gro,13,gro,0.7071,True
254,21,mca,21,mca,0.8556,True
255,13,gro,13,gro,0.7007,True
256,13,gro,13,gro,0.702,True
257,32,tur,32,tur,0.5288,True
258,9,drh,9,drh,0.9475,True
259,13,gro,13,gro,0.9592,True
260,13,gro,13,gro,0.7794,True
261,13,gro,13,gro,0.5011,True
262,13,gro,13,gro,0.4784,True
263,13,gro,13,gro,0.5831,True
264,15,inl,15,inl,0.607,True
265,13,gro,13,gro,0.863,True
266,13,gro,13,gro,0.5561,True
267,32,tur,32,tur,0.8192,True
268,1,act,15,inl,0.2467,False
269,11,drt,32,tur,0.3268,False
270,32,tur,32,tur,0.9098,True
271,8,dri,8,dri,0.2536,True
272,32,tur,32,tur,0.7595,True
273,0,apx,0,apx,0.3372,True
274,9,drh,9,drh,0.8632,True
275,5,cio,5,cio,0.3967,True
276,13,gro,13,gro,0.808,True
277,30,sco,30,sco,0.5165,True
278,13,gro,13,gro,0.9509,True
279,13,gro,13,gro,0.747,True
280,13,gro,13,gro,0.5388,True
281,13,gro,13,gro,0.7769,True
282,13,gro,13,gro,0.9438,True
283,32,tur,32,tur,0.8847,True
284,11,drt,11,drt,0.8793,True
285,32,tur,32,tur,0.8992,True
286,8,dri,8,dri,0.2003,True
287,13,gro,13,gro,0.9132,True
288,13,gro,13,gro,0.9351,True
289,32,tur,32,tur,0.7664,True
290,5,cio,5,cio,0.6351,True
291,8,dri,32,tur,0.1789,False
292,25,ptu,25,ptu,0.6945,True
293,13,gro,13,gro,0.9405,True
294,30,sco,30,sco,0.6529,True
295,30,sco,30,sco,0.7227,True
296,13,gro,13,gro,0.8015,True
297,32,tur,32,tur,0.9524,True
298,13,gro,13,gro,0.957,True
299,11,drt,11,drt,0.4392,True
300,13,gro,13,gro,0.8278,True
301,13,gro,13,gro,0.9614,True
302,18,mah,32,tur,0.199,False
303,32,tur,32,tur,0.7497,True
304,24,pbo,32,tur,0.195,False
305,9,drh,9,drh,0.9499,True
306,32,tur,32,tur,0.7095,True
307,9,drh,9,drh,0.917,True
308,5,cio,5,cio,0.504,True
309,13,gro,13,gro,0.9485,True
310,13,gro,13,gro,0.7819,True
311,32,tur,32,tur,0.94,True
312,32,tur,32,tur,0.7659,True
313,32,tur,32,tur,0.8775,True
314,13,gro,13,gro,0.9286,True
315,13,gro,13,gro,0.9607,True
316,13,gro,13,gro,0.8933,True
317,25,ptu,25,ptu,0.3988,True
318,24,pbo,24,pbo,0.2492,True
319,13,gro,13,gro,0.6514,True
320,30,sco,30,sco,0.1782,True
321,13,gro,13,gro,0.8299,True
322,32,tur,32,tur,0.9205,True
323,13,gro,13,gro,0.6224,True
324,13,gro,13,gro,0.6549,True
325,20,mas,20,mas,0.3556,True
326,32,tur,32,tur,0.7248,True
327,9,drh,9,drh,0.8949,True
328,13,gro,13,gro,0.9698,True
329,32,tur,32,tur,0.7559,True
330,32,tur,32,tur,0.9279,True
331,11,drt,32,tur,0.1714,False
332,13,gro,13,gro,0.5549,True
333,25,ptu,25,ptu,0.2636,True
334,5,cio,5,cio,0.6259,True
335,5,cio,5,cio,0.6722,True
336,13,gro,13,gro,0.6305,True
337,32,tur,32,tur,0.8498,True
338,9,drh,9,drh,0.8858,True
339,11,drt,11,drt,0.6914,True
340,13,gro,13,gro,0.8837,True
341,27,rem,27,rem,0.3154,True
342,14,hor,14,hor,0.4615,True
343,13,gro,13,gro,0.9466,True
344,13,gro,13,gro,0.4833,True
345,25,ptu,32,tur,0.2129,False
346,13,gro,13,gro,0.9067,True
347,13,gro,13,gro,0.5649,True
348,25,ptu,25,ptu,0.5898,True
349,9,drh,9,drh,0.9406,True
350,25,ptu,25,ptu,0.2607,True
351,13,gro,13,gro,0.8867,True
352,13,gro,13,gro,0.9262,True
353,19,mct,3,art,0.1767,False
354,13,gro,13,gro,0.9239,True
355,32,tur,32,tur,0.938,True
356,13,gro,13,gro,0.9559,True
357,32,tur,32,tur,0.9101,True
358,13,gro,13,gro,0.7697,True
359,32,tur,32,tur,0.9299,True
360,13,gro,13,gro,0.6234,True
361,8,dri,8,dri,0.2397,True
362,32,tur,32,tur,0.8098,True
363,13,gro,13,gro,0.9513,True
364,14,hor,14,hor,0.3878,True
365,13,gro,13,gro,0.8162,True
366,5,cio,5,cio,0.8248,True
367,9,drh,9,drh,0.9099,True
368,13,gro,13,gro,0.7793,True
369,13,gro,13,gro,0.7724,True
370,13,gro,13,gro,0.7731,True
371,1,act,5,cio,0.1702,False
372,32,tur,32,tur,0.9139,True
373,13,gro,13,gro,0.4379,True
374,14,hor,14,hor,0.539,True
375,15,inl,15,inl,0.9136,True
376,13,gro,13,gro,0.7368,True
377,13,gro,13,gro,0.8667,True
378,13,gro,13,gro,0.9026,True
379,13,gro,13,gro,0.7714,True
380,32,tur,13,gro,0.3252,False
381,13,gro,13,gro,0.9617,True
382,13,gro,13,gro,0.946,True
383,9,drh,9,drh,0.9328,True
384,13,gro,13,gro,0.9508,True
385,13,gro,13,gro,0.853,True
386,8,dri,32,tur,0.1705,False
387,11,drt,11,drt,0.8109,True
388,13,gro,13,gro,0.7417,True
389,32,tur,32,tur,0.9363,True
390,13,gro,13,gro,0.8209,True
391,13,gro,13,gro,0.9609,True
392,26,pto,3,art,0.101,False
393,9,drh,9,drh,0.9397,True
394,32,tur,32,tur,0.7213,True
395,20,mas,32,tur,0.7606,False
396,13,gro,13,gro,0.3452,True
397,30,sco,30,sco,0.7098,True
398,13,gro,13,gro,0.9285,True
399,25,ptu,25,ptu,0.6048,True
400,13,gro,13,gro,0.5996,True
401,13,gro,13,gro,0.9543,True
402,13,gro,13,gro,0.9262,True
403,32,tur,32,tur,0.7236,True
404,13,gro,13,gro,0.9617,True
405,13,gro,13,gro,0.9364,True
406,32,tur,32,tur,0.9236,True
407,13,gro,13,gro,0.7024,True
408,13,gro,13,gro,0.9234,True
409,13,gro,13,gro,0.8482,True
410,13,gro,13,gro,0.5673,True
411,9,drh,9,drh,0.9164,True
412,28,rrd,32,tur,0.1821,False
413,32,tur,32,tur,0.8733,True
414,25,ptu,25,ptu,0.6057,True
415,13,gro,13,gro,0.685,True
416,4,cct,4,cct,0.1954,True
417,9,drh,9,drh,0.9326,True
418,0,apx,0,apx,0.1893,True
419,5,cio,5,cio,0.5196,True
420,4,cct,28,rrd,0.1742,False
421,13,gro,13,gro,0.9277,True
422,32,tur,32,tur,0.8666,True
423,13,gro,13,gro,0.9664,True
424,32,tur,32,tur,0.7994,True
425,11,drt,11,drt,0.7326,True
426,13,gro,13,gro,0.9553,True
427,11,drt,11,drt,0.6367,True
428,32,tur,32,tur,0.7564,True
429,27,rem,27,rem,0.3862,True
430,13,gro,13,gro,0.5597,True
431,13,gro,13,gro,0.9436,True
432,13,gro,13,gro,0.9231,True
433,9,drh,9,drh,0.9361,True
434,9,drh,9,drh,0.9422,True
435,9,drh,9,drh,0.9429,True
436,11,drt,11,drt,0.7591,True
437,13,gro,13,gro,0.9594,True
438,32,tur,32,tur,0.8676,True
439,9,drh,9,drh,0.9423,True
440,11,drt,11,drt,0.7831,True
441,0,apx,0,apx,0.4003,True
442,27,rem,27,rem,0.2688,True
443,21,mca,21,mca,0.8699,True
444,13,gro,13,gro,0.7542,True
445,19,mct,19,mct,0.3419,True
446,27,rem,27,rem,0.2864,True
447,32,tur,32,tur,0.9048,True
448,11,drt,11,drt,0.7694,True
449,13,gro,13,gro,0.967,True
450,19,mct,19,mct,0.3294,True
451,32,tur,32,tur,0.9314,True
452,32,tur,32,tur,0.9333,True
453,13,gro,13,gro,0.8099,True
454,9,drh,9,drh,0.9186,True
455,32,tur,32,tur,0.7501,True
456,21,mca,21,mca,0.8665,True
457,23,obt,23,obt,0.6762,True
458,13,gro,13,gro,0.8609,True
459,9,drh,9,drh,0.8427,True
460,13,gro,13,gro,0.3019,True
461,13,gro,13,gro,0.9316,True
462,13,gro,13,gro,0.9398,True
463,32,tur,32,tur,0.7333,True
464,9,drh,9,drh,0.9493,True
465,13,gro,13,gro,0.7688,True
466,14,hor,14,hor,0.5564,True
467,13,gro,13,gro,0.9596,True
468,11,drt,11,drt,0.454,True
469,13,gro,13,gro,0.7372,True
470,4,cct,4,cct,0.2469,True
471,13,gro,14,hor,0.4658,False
472,32,tur,32,tur,0.8852,True
473,15,inl,15,inl,0.8097,True
474,24,pbo,24,pbo,0.3384,True
475,8,dri,8,dri,0.2165,True
476,13,gro,13,gro,0.6055,True
477,13,gro,13,gro,0.4712,True
478,30,sco,30,sco,0.7453,True
479,5,cio,5,cio,0.7695,True
480,14,hor,14,hor,0.3115,True
481,13,gro,13,gro,0.965,True
482,14,hor,14,hor,0.7224,True
483,32,tur,32,tur,0.9404,True
484,13,gro,13,gro,0.4807,True
485,13,gro,13,gro,0.9496,True
486,13,gro,13,gro,0.8385,True
487,19,mct,19,mct,0.5882,True
488,15,inl,15,inl,0.7883,True
489,13,gro,13,gro,0.9519,True
490,13,gro,13,gro,0.9661,True
491,11,drt,11,drt,0.6098,True
492,9,drh,9,drh,0.9369,True
493,24,pbo,24,pbo,0.3819,True
494,13,gro,13,gro,0.6188,True
495,13,gro,13,gro,0.6116,True
496,13,gro,13,gro,0.954,True
497,30,sco,30,sco,0.4668,True
498,30,sco,30,sco,0.4493,True
499,13,gro,13,gro,0.8349,True
500,14,hor,14,hor,0.6853,True
501,9,drh,9,drh,0.9235,True
502,9,drh,9,drh,0.8899,True
503,13,gro,13,gro,0.8142,True
504,13,gro,13,gro,0.9549,True
505,32,tur,32,tur,0.7216,True
506,13,gro,13,gro,0.9697,True
507,32,tur,32,tur,0.6792,True
508,11,drt,32,tur,0.2261,False
509,19,mct,19,mct,0.1917,True
510,21,mca,21,mca,0.8597,True
511,14,hor,14,hor,0.7886,True
512,32,tur,32,tur,0.7898,True
513,13,gro,13,gro,0.6179,True
514,13,gro,13,gro,0.5166,True
515,9,drh,9,drh,0.8941,True
516,32,tur,32,tur,0.9197,True
517,13,gro,13,gro,0.5601,True
518,9,drh,9,drh,0.9554,True
519,19,mct,19,mct,0.2989,True
520,13,gro,13,gro,0.9566,True
521,13,gro,3,art,0.3433,False
522,15,inl,15,inl,0.6267,True
523,13,gro,14,hor,0.3875,False
524,11,drt,11,drt,0.7868,True
525,21,mca,21,mca,0.8449,True
526,30,sco,30,sco,0.4919,True
527,15,inl,15,inl,0.8448,True
528,32,tur,32,tur,0.9219,True
529,32,tur,32,tur,0.9136,True
530,13,gro,13,gro,0.615,True
531,5,cio,5,cio,0.8343,True
532,32,tur,32,tur,0.8419,True
533,13,gro,13,gro,0.6936,True
534,32,tur,32,tur,0.8954,True
535,13,gro,13,gro,0.8759,True
536,32,tur,32,tur,0.9123,True
537,32,tur,32,tur,0.67,True
538,9,drh,9,drh,0.91,True
539,13,gro,13,gro,0.9536,True
540,13,gro,13,gro,0.9583,True
541,32,tur,32,tur,0.9242,True
542,32,tur,32,tur,0.8703,True
543,13,gro,13,gro,0.5206,True
544,14,hor,14,hor,0.4352,True
545,11,drt,11,drt,0.4933,True
546,13,gro,13,gro,0.5715,True
547,13,gro,13,gro,0.9621,True
548,32,tur,32,tur,0.9123,True
549,0,apx,0,apx,0.29,True
550,13,gro,13,gro,0.9498,True
551,13,gro,13,gro,0.9618,True
552,19,mct,19,mct,0.6848,True
553,14,hor,7,dls,0.3744,False
554,32,tur,32,tur,0.7955,True
555,13,gro,13,gro,0.7769,True
556,5,cio,5,cio,0.638,True
557,32,tur,32,tur,0.4405,True
558,14,hor,14,hor,0.8083,True
559,13,gro,13,gro,0.9407,True
560,32,tur,32,tur,0.7837,True
561,13,gro,13,gro,0.961,True
562,13,gro,13,gro,0.9123,True
563,32,tur,32,tur,0.8398,True
564,13,gro,13,gro,0.8872,True
565,5,cio,5,cio,0.5568,True
566,26,pto,30,sco,0.1443,False
567,25,ptu,25,ptu,0.6385,True
568,13,gro,13,gro,0.905,True
569,28,rrd,28,rrd,0.2359,True
570,9,drh,9,drh,0.842,True
571,21,mca,21,mca,0.872,True
572,32,tur,32,tur,0.8918,True
573,13,gro,13,gro,0.635,True
574,20,mas,20,mas,0.2429,True
575,13,gro,13,gro,0.8623,True
576,32,tur,32,tur,0.7573,True
577,13,gro,13,gro,0.7716,True
578,15,inl,15,inl,0.8238,True
579,15,inl,15,inl,0.8959,True
580,14,hor,14,hor,0.5461,True
581,13,gro,13,gro,0.8984,True
582,13,gro,13,gro,0.8329,True
583,13,gro,13,gro,0.7523,True
584,13,gro,13,gro,0.9323,True
585,13,gro,13,gro,0.9434,True
586,15,inl,15,inl,0.6586,True
587,9,drh,9,drh,0.7768,True
588,13,gro,13,gro,0.9533,True
589,13,gro,13,gro,0.4545,True
590,13,gro,13,gro,0.8249,True
591,32,tur,32,tur,0.9236,True
592,24,pbo,24,pbo,0.3327,True
593,32,tur,32,tur,0.772,True
594,14,hor,14,hor,0.6115,True
595,20,mas,14,hor,0.1769,False
596,15,inl,15,inl,0.423,True
597,32,tur,32,tur,0.936,True
598,9,drh,9,drh,0.9346,True
599,13,gro,13,gro,0.958,True
600,30,sco,30,sco,0.715,True
601,13,gro,13,gro,0.9152,True
602,32,tur,32,tur,0.8671,True
603,13,gro,13,gro,0.9258,True
604,9,drh,9,drh,0.8973,True
605,15,inl,15,inl,0.8778,True
606,13,gro,13,gro,0.927,True
607,24,pbo,24,pbo,0.3181,True
608,9,drh,9,drh,0.8468,True
609,9,drh,9,drh,0.9264,True
610,13,gro,13,gro,0.501,True
611,32,tur,32,tur,0.9305,True
612,14,hor,14,hor,0.6813,True
613,13,gro,13,gro,0.8693,True
614,21,mca,21,mca,0.8194,True
615,21,mca,21,mca,0.8439,True
616,21,mca,21,mca,0.7417,True
617,32,tur,32,tur,0.7067,True
618,11,drt,11,drt,0.8169,True
619,32,tur,32,tur,0.9403,True
620,13,gro,13,gro,0.3339,True
621,13,gro,13,gro,0.9582,True
622,9,drh,9,drh,0.95,True
623,15,inl,15,inl,0.7764,True
624,21,mca,21,mca,0.8565,True
625,13,gro,13,gro,0.8963,True
626,23,obt,23,obt,0.6649,True
627,32,tur,32,tur,0.4373,True
628,32,tur,32,tur,0.9449,True
629,13,gro,13,gro,0.9347,True
630,32,tur,32,tur,0.9135,True
631,21,mca,13,gro,0.1277,False
632,4,cct,4,cct,0.214,True
633,32,tur,32,tur,0.7432,True
634,13,gro,13,gro,0.8391,True
635,32,tur,32,tur,0.7194,True
636,13,gro,13,gro,0.9747,True
637,30,sco,25,ptu,0.2541,False
638,24,pbo,24,pbo,0.2803,True
639,13,gro,13,gro,0.826,True
640,23,obt,23,obt,0.6851,True
641,13,gro,13,gro,0.936,True
642,32,tur,32,tur,0.7374,True
643,24,pbo,24,pbo,0.3688,True
644,13,gro,13,gro,0.7349,True
645,32,tur,32,tur,0.8989,True
646,13,gro,13,gro,0.7924,True
647,13,gro,13,gro,0.8457,True
648,13,gro,13,gro,0.9528,True
649,13,gro,13,gro,0.9723,True
650,13,gro,13,gro,0.9197,True
651,32,tur,32,tur,0.8761,True
652,13,gro,13,gro,0.9121,True
653,14,hor,14,hor,0.6737,True
654,13,gro,13,gro,0.9571,True
655,13,gro,13,gro,0.9673,True
656,14,hor,13,gro,0.3016,False
657,13,gro,13,gro,0.9624,True
658,13,gro,13,gro,0.8752,True
659,11,drt,11,drt,0.7463,True
660,32,tur,32,tur,0.4916,True
661,30,sco,30,sco,0.3755,True
662,8,dri,8,dri,0.2618,True
663,15,inl,15,inl,0.7639,True
664,30,sco,30,sco,0.7312,True
665,13,gro,3,art,0.3934,False
666,30,sco,30,sco,0.7138,True
667,32,tur,32,tur,0.9131,True
668,14,hor,7,dls,0.3338,False
669,9,drh,9,drh,0.908,True
670,13,gro,13,gro,0.912,True
671,13,gro,13,gro,0.9533,True
672,13,gro,13,gro,0.5411,True
673,13,gro,13,gro,0.9415,True
674,13,gro,13,gro,0.8488,True
675,15,inl,15,inl,0.8794,True
676,32,tur,32,tur,0.851,True
677,19,mct,19,mct,0.3525,True
678,14,hor,13,gro,0.3178,False
679,15,inl,15,inl,0.8825,True
680,13,gro,13,gro,0.5756,True
681,13,gro,13,gro,0.9532,True
682,9,drh,9,drh,0.9387,True
683,14,hor,14,hor,0.7108,True
684,13,gro,13,gro,0.9686,True
685,13,gro,13,gro,0.8731,True
686,32,tur,32,tur,0.912,True
687,13,gro,13,gro,0.9256,True
688,13,gro,13,gro,0.7612,True
689,32,tur,32,tur,0.7538,True
690,9,drh,9,drh,0.9389,True
691,21,mca,21,mca,0.8107,True
692,13,gro,13,gro,0.9105,True
693,13,gro,13,gro,0.6731,True
694,13,gro,13,gro,0.9379,True
695,9,drh,9,drh,0.9233,True
696,13,gro,13,gro,0.8775,True
697,18,mah,32,tur,0.2852,False
698,13,gro,13,gro,0.9469,True
699,30,sco,30,sco,0.2639,True
700,30,sco,32,tur,0.6439,False
701,13,gro,13,gro,0.7823,True
702,13,gro,13,gro,0.9581,True
703,14,hor,14,hor,0.6208,True
704,32,tur,32,tur,0.9272,True
705,28,rrd,28,rrd,0.2369,True
706,13,gro,13,gro,0.9586,True
707,32,tur,32,tur,0.8707,True
708,13,gro,13,gro,0.9257,True
709,32,tur,32,tur,0.8575,True
710,13,gro,13,gro,0.9029,True
711,13,gro,13,gro,0.9481,True
712,28,rrd,28,rrd,0.2489,True
713,13,gro,13,gro,0.93,True
714,13,gro,13,gro,0.9356,True
715,13,gro,13,gro,0.9613,True
716,32,tur,32,tur,0.8495,True
717,9,drh,9,drh,0.8212,True
718,13,gro,14,hor,0.3207,False
719,13,gro,13,gro,0.9486,True
720,23,obt,23,obt,0.3823,True
721,13,gro,13,gro,0.7228,True
722,13,gro,13,gro,0.9677,True
723,32,tur,32,tur,0.7598,True
724,19,mct,19,mct,0.6424,True
725,13,gro,13,gro,0.4789,True
726,13,gro,13,gro,0.8284,True
727,13,gro,13,gro,0.9644,True
728,15,inl,15,inl,0.5856,True
729,13,gro,13,gro,0.8644,True
730,13,gro,13,gro,0.9602,True
731,13,gro,13,gro,0.8481,True
732,14,hor,14,hor,0.6367,True
733,5,cio,5,cio,0.5871,True
734,32,tur,32,tur,0.9053,True
735,32,tur,32,tur,0.9598,True
736,13,gro,13,gro,0.924,True
737,9,drh,9,drh,0.9182,True
738,32,tur,32,tur,0.9351,True
739,32,tur,32,tur,0.2402,True
740,20,mas,20,mas,0.3558,True
741,13,gro,13,gro,0.9613,True
742,9,drh,9,drh,0.9333,True
743,15,inl,15,inl,0.8449,True
744,14,hor,13,gro,0.2986,False
745,27,rem,27,rem,0.3132,True
746,15,inl,15,inl,0.7666,True
747,13,gro,13,gro,0.9362,True
748,9,drh,9,drh,0.9312,True
749,21,mca,21,mca,0.7612,True
750,32,tur,32,tur,0.929,True
751,13,gro,13,gro,0.3473,True
752,13,gro,13,gro,0.9694,True
753,24,pbo,24,pbo,0.3716,True
754,13,gro,13,gro,0.7998,True
755,30,sco,30,sco,0.5189,True
756,9,drh,9,drh,0.9535,True
757,13,gro,13,gro,0.8731,True
758,19,mct,19,mct,0.6262,True
759,13,gro,13,gro,0.877,True
760,32,tur,32,tur,0.9438,True
761,13,gro,13,gro,0.922,True
762,13,gro,13,gro,0.5372,True
763,19,mct,19,mct,0.3173,True
764,13,gro,13,gro,0.9008,True
765,9,drh,9,drh,0.9379,True
766,13,gro,7,dls,0.3933,False
767,32,tur,32,tur,0.8679,True
768,15,inl,15,inl,0.595,True
769,13,gro,13,gro,0.8153,True
770,15,inl,15,inl,0.8331,True
771,25,ptu,25,ptu,0.3899,True
772,9,drh,9,drh,0.9459,True
773,9,drh,9,drh,0.8797,True
774,21,mca,21,mca,0.7867,True
775,13,gro,13,gro,0.9367,True
776,13,gro,13,gro,0.8619,True
777,13,gro,13,gro,0.9686,True
778,21,mca,21,mca,0.8582,True
779,13,gro,13,gro,0.9743,True
780,13,gro,13,gro,0.9606,True
781,14,hor,14,hor,0.355,True
782,9,drh,9,drh,0.7717,True
783,32,tur,32,tur,0.711,True
784,23,obt,23,obt,0.4867,True
785,14,hor,14,hor,0.7926,True
786,11,drt,11,drt,0.7188,True
787,13,gro,13,gro,0.7604,True
788,13,gro,13,gro,0.6456,True
789,13,gro,13,gro,0.8046,True
790,14,hor,7,dls,0.3665,False
791,13,gro,13,gro,0.9512,True
792,13,gro,13,gro,0.6989,True
793,15,inl,32,tur,0.524,False
794,13,gro,13,gro,0.5625,True
795,21,mca,21,mca,0.8685,True
796,13,gro,13,gro,0.9317,True
797,14,hor,3,art,0.4774,False
798,11,drt,11,drt,0.2732,True
799,13,gro,13,gro,0.88,True
800,13,gro,13,gro,0.9325,True
801,13,gro,13,gro,0.9128,True
802,14,hor,13,gro,0.4496,False
803,13,gro,13,gro,0.9479,True
804,13,gro,13,gro,0.7706,True
805,13,gro,13,gro,0.4555,True
806,13,gro,13,gro,0.9635,True
807,32,tur,32,tur,0.9607,True
808,23,obt,23,obt,0.5768,True
809,9,drh,9,drh,0.9394,True
810,32,tur,32,tur,0.8612,True
811,13,gro,13,gro,0.8637,True
812,25,ptu,25,ptu,0.5593,True
813,13,gro,13,gro,0.5965,True
814,13,gro,13,gro,0.9546,True
815,13,gro,13,gro,0.6553,True
816,13,gro,13,gro,0.4949,True
817,15,inl,15,inl,0.7253,True
818,13,gro,13,gro,0.5604,True
819,15,inl,15,inl,0.8239,True
820,13,gro,13,gro,0.9021,True
821,32,tur,32,tur,0.8799,True
822,32,tur,32,tur,0.8716,True
823,32,tur,32,tur,0.7431,True
824,11,drt,11,drt,0.7454,True
825,30,sco,30,sco,0.7203,True
826,30,sco,30,sco,0.8066,True
827,13,gro,13,gro,0.6582,True
828,13,gro,13,gro,0.9597,True
829,14,hor,14,hor,0.6736,True
830,13,gro,13,gro,0.8548,True
831,32,tur,32,tur,0.8617,True
832,25,ptu,25,ptu,0.3264,True
833,0,apx,0,apx,0.1891,True
834,9,drh,9,drh,0.9037,True
835,15,inl,15,inl,0.626,True
836,13,gro,13,gro,0.6811,True
837,32,tur,32,tur,0.9054,True
838,5,cio,5,cio,0.3431,True
839,32,tur,32,tur,0.7424,True
840,13,gro,13,gro,0.9327,True
841,13,gro,13,gro,0.9531,True
842,32,tur,32,tur,0.9438,True
843,13,gro,13,gro,0.9647,True
844,23,obt,23,obt,0.683,True
845,13,gro,13,gro,0.8145,True
846,27,rem,27,rem,0.4515,True
847,15,inl,15,inl,0.8001,True
848,14,hor,14,hor,0.5796,True
849,32,tur,32,tur,0.8204,True
850,13,gro,13,gro,0.8279,True
851,15,inl,15,inl,0.8537,True
852,13,gro,13,gro,0.4008,True
853,13,gro,13,gro,0.9162,True
854,9,drh,9,drh,0.9388,True
855,13,gro,13,gro,0.9141,True
856,13,gro,13,gro,0.9586,True
857,32,tur,32,tur,0.9055,True
858,5,cio,5,cio,0.6637,True
859,13,gro,13,gro,0.7369,True
860,20,mas,20,mas,0.3023,True
861,19,mct,19,mct,0.3464,True
862,13,gro,13,gro,0.505,True
863,13,gro,13,gro,0.96,True
864,13,gro,13,gro,0.9398,True
865,32,tur,32,tur,0.8642,True
866,11,drt,11,drt,0.6474,True
867,13,gro,13,gro,0.6057,True
868,30,sco,30,sco,0.5861,True
869,32,tur,32,tur,0.8205,True
870,14,hor,14,hor,0.6519,True
871,32,tur,32,tur,0.9128,True
872,13,gro,13,gro,0.9193,True
873,23,obt,23,obt,0.5342,True
874,23,obt,13,gro,0.1624,False
875,13,gro,13,gro,0.4277,True
876,32,tur,32,tur,0.7583,True
877,13,gro,13,gro,0.8155,True
878,13,gro,13,gro,0.5976,True
879,13,gro,13,gro,0.9522,True
880,13,gro,13,gro,0.9237,True
881,14,hor,14,hor,0.7268,True
882,13,gro,13,gro,0.3391,True
883,15,inl,15,inl,0.8564,True
884,13,gro,13,gro,0.9682,True
885,32,tur,32,tur,0.204,True
886,13,gro,13,gro,0.9687,True
887,13,gro,13,gro,0.963,True
888,13,gro,13,gro,0.9304,True
889,32,tur,32,tur,0.903,True
890,21,mca,21,mca,0.864,True
891,32,tur,32,tur,0.9214,True
892,15,inl,15,inl,0.7862,True
893,13,gro,13,gro,0.853,True
894,15,inl,15,inl,0.6044,True
895,28,rrd,13,gro,0.223,False
896,13,gro,13,gro,0.9515,True
897,13,gro,13,gro,0.8311,True
898,9,drh,9,drh,0.9179,True
899,13,gro,13,gro,0.9484,True
900,32,tur,32,tur,0.7942,True
901,28,rrd,28,rrd,0.2397,True
902,15,inl,32,tur,0.3405,False
903,13,gro,13,gro,0.4058,True
904,14,hor,14,hor,0.6721,True
905,23,obt,23,obt,0.7364,True
906,13,gro,13,gro,0.6081,True
907,9,drh,9,drh,0.9517,True
908,32,tur,32,tur,0.9331,True
909,11,drt,11,drt,0.4564,True
910,13,gro,13,gro,0.9113,True
911,18,mah,15,inl,0.2306,False
912,13,gro,13,gro,0.9705,True
913,32,tur,32,tur,0.884,True
914,9,drh,9,drh,0.9136,True
915,14,hor,14,hor,0.7268,True
916,32,tur,32,tur,0.8754,True
917,4,cct,32,tur,0.1657,False
918,32,tur,32,tur,0.8289,True
919,30,sco,30,sco,0.2399,True
920,32,tur,32,tur,0.8794,True
921,13,gro,13,gro,0.5898,True
922,15,inl,15,inl,0.7429,True
923,13,gro,13,gro,0.9595,True
924,28,rrd,28,rrd,0.2464,True
925,25,ptu,32,tur,0.2775,False
926,13,gro,13,gro,0.9579,True
927,13,gro,13,gro,0.8275,True
928,32,tur,32,tur,0.9336,True
929,14,hor,14,hor,0.4653,True
930,19,mct,19,mct,0.6837,True
931,32,tur,32,tur,0.9034,True
932,32,tur,32,tur,0.679,True
933,14,hor,14,hor,0.4398,True
934,13,gro,13,gro,0.924,True
935,9,drh,9,drh,0.9392,True
936,13,gro,13,gro,0.8558,True
937,32,tur,32,tur,0.8609,True
938,13,gro,13,gro,0.964,True
939,5,cio,5,cio,0.7979,True
940,32,tur,32,tur,0.8616,True
941,15,inl,15,inl,0.7943,True
942,13,gro,13,gro,0.8487,True
943,13,gro,14,hor,0.5155,False
944,32,tur,32,tur,0.9335,True
945,13,gro,13,gro,0.5344,True
946,32,tur,32,tur,0.7558,True
947,27,rem,27,rem,0.3297,True
948,13,gro,13,gro,0.7384,True
949,32,tur,32,tur,0.8258,True
950,13,gro,13,gro,0.6358,True
951,13,gro,13,gro,0.6864,True
952,32,tur,32,tur,0.5573,True
953,32,tur,32,tur,0.9193,True
954,13,gro,13,gro,0.363,True
955,9,drh,9,drh,0.9419,True
956,13,gro,13,gro,0.9718,True
957,32,tur,32,tur,0.8629,True
958,32,tur,32,tur,0.9401,True
959,13,gro,13,gro,0.9499,True
960,32,tur,32,tur,0.5359,True
961,13,gro,13,gro,0.7995,True
962,9,drh,9,drh,0.8959,True
963,14,hor,14,hor,0.5988,True
964,13,gro,13,gro,0.913,True
965,11,drt,11,drt,0.7799,True
966,13,gro,13,gro,0.9631,True
967,13,gro,13,gro,0.9129,True
968,13,gro,13,gro,0.8048,True
969,32,tur,32,tur,0.9491,True
970,0,apx,0,apx,0.4484,True
971,14,hor,14,hor,0.7251,True
972,13,gro,13,gro,0.9087,True
973,13,gro,13,gro,0.9524,True
974,27,rem,15,inl,0.3006,False
975,13,gro,13,gro,0.9341,True
976,21,mca,21,mca,0.7753,True
977,32,tur,32,tur,0.9056,True
978,13,gro,13,gro,0.9136,True
979,13,gro,13,gro,0.4904,True
980,13,gro,13,gro,0.8908,True
981,14,hor,14,hor,0.6477,True
982,28,rrd,28,rrd,0.2305,True
983,13,gro,13,gro,0.7707,True
984,19,mct,19,mct,0.3497,True
985,26,pto,26,pto,0.1188,True
986,13,gro,13,gro,0.3558,True
987,13,gro,13,gro,0.7478,True
988,9,drh,9,drh,0.9264,True
989,5,cio,5,cio,0.7829,True
990,32,tur,32,tur,0.9084,True
991,32,tur,32,tur,0.9063,True
992,13,gro,13,gro,0.7022,True
993,25,ptu,25,ptu,0.5997,True
994,32,tur,32,tur,0.9345,True
995,9,drh,9,drh,0.951,True
996,13,gro,13,gro,0.9541,True
997,32,tur,32,tur,0.9516,True
998,5,cio,5,cio,0.8066,True
999,30,sco,30,sco,0.6749,True
1000,9,drh,9,drh,0.6702,True
1001,19,mct,19,mct,0.1652,True
1002,32,tur,32,tur,0.8429,True
1003,13,gro,13,gro,0.6652,True
1004,3,art,3,art,0.8532,True
1005,9,drh,9,drh,0.4795,True
1006,31,sun,31,sun,0.6319,True
1007,7,dls,13,gro,0.7769,False
1008,6,clr,13,gro,0.418,False
1009,16,lar,13,gro,0.4681,False
1010,3,art,3,art,0.7859,True
1011,13,gro,13,gro,0.7997,True
1012,7,dls,14,hor,0.4475,False
1013,6,clr,13,gro,0.5953,False
1014,17,ltv,13,gro,0.3556,False
1015,7,dls,14,hor,0.4513,False
1016,13,gro,13,gro,0.9705,True
1017,13,gro,13,gro,0.7919,True
1018,16,lar,13,gro,0.4118,False
1019,13,gro,13,gro,0.897,True
1020,31,sun,31,sun,0.6289,True
1021,13,gro,13,gro,0.7909,True
1022,22,nsk,31,sun,0.5107,False
1023,13,gro,13,gro,0.7062,True
1024,6,clr,13,gro,0.4202,False
1025,13,gro,13,gro,0.7112,True
1026,17,ltv,13,gro,0.4537,False
1027,3,art,3,art,0.5197,True
1028,13,gro,13,gro,0.9129,True
1029,6,clr,13,gro,0.4903,False
1030,7,dls,13,gro,0.4415,False
1031,13,gro,13,gro,0.9726,True
1032,6,clr,13,gro,0.5966,False
1033,3,art,3,art,0.3434,True
1034,6,clr,13,gro,0.4435,False
1035,3,art,3,art,0.4247,True
1036,13,gro,13,gro,0.7178,True
1037,13,gro,13,gro,0.9569,True
1038,3,art,3,art,0.5086,True
1039,17,ltv,6,clr,0.4007,False
1040,31,sun,3,art,0.3731,False
1041,13,gro,13,gro,0.5068,True
1042,3,art,3,art,0.5488,True
1043,7,dls,13,gro,0.4421,False
1044,12,flr,13,gro,0.9312,False
1045,13,gro,13,gro,0.9552,True
1046,29,san,13,gro,0.7345,False
1047,3,art,3,art,0.6031,True
1048,3,art,3,art,0.3937,True
1049,3,art,6,clr,0.2413,False
1050,13,gro,13,gro,0.5778,True
1051,13,gro,13,gro,0.8697,True
1052,13,gro,13,gro,0.8082,True
1053,17,ltv,13,gro,0.1944,False
1054,3,art,3,art,0.8533,True
1055,21,mca,21,mca,0.4695,True
1056,13,gro,13,gro,0.6203,True
1057,3,art,3,art,0.509,True
1058,9,drh,9,drh,0.3832,True
1059,13,gro,13,gro,0.9543,True
1060,3,art,3,art,0.5037,True
1061,6,clr,13,gro,0.3438,False
1062,6,clr,6,clr,0.4223,True
1063,3,art,3,art,0.573,True
1064,7,dls,13,gro,0.6248,False
1065,3,art,13,gro,0.8472,False
1066,13,gro,13,gro,0.8468,True
1067,3,art,3,art,0.5996,True
1068,11,drt,11,drt,0.7443,True
1069,6,clr,6,clr,0.4396,True
1070,7,dls,14,hor,0.4053,False
1071,3,art,3,art,0.5802,True
1072,3,art,3,art,0.4625,True
1073,16,lar,13,gro,0.4287,False
1074,6,clr,13,gro,0.4583,False
1075,3,art,3,art,0.7724,True
1076,29,san,13,gro,0.5779,False
1077,6,clr,6,clr,0.413,True
1078,17,ltv,13,gro,0.438,False
1079,3,art,3,art,0.5265,True
1080,3,art,3,art,0.5541,True
1081,3,art,3,art,0.5028,True
1082,13,gro,13,gro,0.9288,True
1083,13,gro,13,gro,0.2399,True
1084,6,clr,13,gro,0.5045,False
1085,13,gro,13,gro,0.7233,True
1086,6,clr,6,clr,0.3602,True
1087,13,gro,13,gro,0.9361,True
1088,7,dls,13,gro,0.4063,False
1089,3,art,3,art,0.5433,True
1090,3,art,3,art,0.6403,True
1091,13,gro,13,gro,0.9313,True
1092,13,gro,13,gro,0.96,True
1093,3,art,3,art,0.3835,True
1094,13,gro,13,gro,0.8375,True
1095,13,gro,13,gro,0.3989,True
1096,7,dls,14,hor,0.5365,False
1097,31,sun,3,art,0.3439,False
1098,13,gro,13,gro,0.9442,True
1099,21,mca,21,mca,0.8811,True
1100,3,art,3,art,0.4715,True
1101,33,whe,32,tur,0.5649,False
1102,13,gro,13,gro,0.9381,True
1103,6,clr,13,gro,0.3288,False
1104,10,drp,13,gro,0.6302,False
1105,10,drp,13,gro,0.6916,False
1106,3,art,3,art,0.3741,True
1107,3,art,3,art,0.8517,True
1108,17,ltv,13,gro,0.284,False
1109,29,san,13,gro,0.8599,False
1110,3,art,3,art,0.5729,True
1111,17,ltv,13,gro,0.4614,False
1112,13,gro,13,gro,0.9031,True
1113,21,mca,21,mca,0.8576,True
1114,3,art,3,art,0.6919,True
1115,21,mca,21,mca,0.8834,True
1116,6,clr,6,clr,0.3821,True
1117,13,gro,13,gro,0.8146,True
1118,13,gro,13,gro,0.8102,True
1119,3,art,3,art,0.6289,True
1120,10,drp,13,gro,0.3285,False
1121,3,art,3,art,0.7203,True
1122,11,drt,11,drt,0.6222,True
1123,13,gro,13,gro,0.5305,True
1124,3,art,13,gro,0.2439,False
1125,17,ltv,13,gro,0.4086,False
1126,3,art,3,art,0.5433,True
1127,13,gro,13,gro,0.9529,True
1128,13,gro,13,gro,0.9617,True
1129,13,gro,13,gro,0.9346,True
1130,6,clr,13,gro,0.4953,False
1131,21,mca,21,mca,0.8831,True
1132,31,sun,31,sun,0.4837,True
1133,16,lar,13,gro,0.8135,False
1134,13,gro,13,gro,0.4806,True
1135,6,clr,13,gro,0.4481,False
1136,13,gro,13,gro,0.6699,True
1137,13,gro,13,gro,0.6896,True
1138,21,mca,21,mca,0.8357,True
1139,6,clr,6,clr,0.4344,True
1140,31,sun,31,sun,0.4183,True
1141,3,art,3,art,0.5706,True
1142,13,gro,13,gro,0.7052,True
1143,9,drh,13,gro,0.3598,False
1144,13,gro,13,gro,0.9339,True
1145,13,gro,13,gro,0.8383,True
1146,35,wht,13,gro,0.854,False
1147,3,art,3,art,0.3918,True
1148,13,gro,13,gro,0.8143,True
1149,6,clr,6,clr,0.4542,True
1150,7,dls,14,hor,0.6278,False
1151,13,gro,13,gro,0.9153,True
1152,13,gro,13,gro,0.8302,True
1153,3,art,3,art,0.6679,True
1154,6,clr,6,clr,0.332,True
1155,13,gro,13,gro,0.9089,True
1156,13,gro,13,gro,0.8468,True
1157,21,mca,21,mca,0.8309,True
1158,2,arm,13,gro,0.2449,False
1159,3,art,3,art,0.5021,True
1160,13,gro,13,gro,0.8993,True
1161,13,gro,13,gro,0.8391,True
1162,3,art,3,art,0.6907,True
1163,6,clr,6,clr,0.495,True
1164,3,art,3,art,0.6533,True
1165,13,gro,13,gro,0.8093,True
1166,3,art,3,art,0.6846,True
1167,6,clr,13,gro,0.3199,False
1168,7,dls,14,hor,0.494,False
1169,3,art,3,art,0.5586,True
1170,13,gro,13,gro,0.6106,True
1171,13,gro,13,gro,0.8631,True
1172,3,art,3,art,0.7246,True
1173,7,dls,13,gro,0.375,False
1174,13,gro,13,gro,0.925,True
1175,13,gro,13,gro,0.7225,True
1176,16,lar,13,gro,0.281,False
1177,3,art,3,art,0.4379,True
1178,21,mca,21,mca,0.8848,True
1179,13,gro,13,gro,0.7864,True
1180,16,lar,13,gro,0.921,False
1181,17,ltv,13,gro,0.4451,False
1182,31,sun,3,art,0.3116,False
1183,17,ltv,13,gro,0.4949,False
1184,13,gro,13,gro,0.9209,True
1185,7,dls,14,hor,0.5485,False
1186,7,dls,13,gro,0.4859,False
1187,21,mca,21,mca,0.7667,True
1188,29,san,13,gro,0.8561,False
1189,13,gro,13,gro,0.9103,True
1190,3,art,3,art,0.516,True
1191,29,san,13,gro,0.8135,False
1192,6,clr,13,gro,0.4431,False
1193,7,dls,13,gro,0.3729,False
1194,21,mca,21,mca,0.8566,True
1195,13,gro,13,gro,0.6633,True
1196,13,gro,13,gro,0.5855,True
1197,13,gro,13,gro,0.912,True
1198,3,art,3,art,0.5874,True
1199,33,whe,32,tur,0.5987,False
1200,3,art,3,art,0.6655,True
1201,13,gro,13,gro,0.833,True
1202,17,ltv,13,gro,0.5775,False
1203,13,gro,13,gro,0.9075,True
1204,3,art,14,hor,0.3038,False
1205,3,art,3,art,0.4303,True
1206,3,art,3,art,0.5687,True
1207,17,ltv,13,gro,0.3431,False
1208,17,ltv,13,gro,0.6858,False
1209,13,gro,13,gro,0.936,True
1210,13,gro,13,gro,0.8903,True
1211,13,gro,13,gro,0.8835,True
1212,17,ltv,13,gro,0.27,False
1213,29,san,13,gro,0.3721,False
1214,13,gro,13,gro,0.9687,True
1215,3,art,3,art,0.5924,True
1216,17,ltv,13,gro,0.5753,False
1217,13,gro,13,gro,0.5833,True
1218,3,art,3,art,0.4195,True
1219,3,art,3,art,0.4159,True
1220,6,clr,13,gro,0.4432,False
1221,16,lar,13,gro,0.7647,False
1222,3,art,3,art,0.662,True
1223,13,gro,13,gro,0.4563,True
1224,6,clr,13,gro,0.3993,False
1225,13,gro,13,gro,0.777,True
1226,13,gro,13,gro,0.6204,True
1227,3,art,3,art,0.5499,True
1228,13,gro,13,gro,0.8104,True
1229,3,art,3,art,0.4052,True
1230,13,gro,13,gro,0.904,True
1231,16,lar,13,gro,0.8823,False
1232,3,art,3,art,0.7953,True
1233,3,art,3,art,0.819,True
1234,6,clr,13,gro,0.4738,False
1235,6,clr,13,gro,0.4237,False
1236,6,clr,13,gro,0.3987,False
1237,31,sun,31,sun,0.3159,True
1238,6,clr,6,clr,0.48,True
1239,7,dls,14,hor,0.2293,False
1240,3,art,3,art,0.717,True
1241,3,art,3,art,0.5536,True
1242,3,art,3,art,0.6586,True
1243,21,mca,21,mca,0.7783,True
1244,13,gro,13,gro,0.9176,True
1245,3,art,3,art,0.6356,True
1246,31,sun,31,sun,0.6619,True
1247,13,gro,13,gro,0.9628,True
1248,3,art,3,art,0.73,True
1249,3,art,3,art,0.5048,True
1250,13,gro,13,gro,0.9375,True
1251,13,gro,13,gro,0.845,True
1252,13,gro,13,gro,0.669,True
1253,3,art,3,art,0.8439,True
1254,17,ltv,13,gro,0.427,False
1255,17,ltv,6,clr,0.3157,False
1256,13,gro,13,gro,0.8358,True
1257,21,mca,21,mca,0.9001,True
1258,13,gro,13,gro,0.7391,True
1259,13,gro,13,gro,0.6469,True
1260,13,gro,13,gro,0.8624,True
1261,3,art,3,art,0.6327,True
1262,16,lar,13,gro,0.8363,False
1263,7,dls,32,tur,0.1832,False
1264,29,san,29,san,0.2704,True
1265,17,ltv,13,gro,0.4297,False
1266,31,sun,31,sun,0.4268,True
1267,6,clr,13,gro,0.2648,False
1268,13,gro,13,gro,0.9639,True
1269,13,gro,13,gro,0.8859,True
1270,13,gro,13,gro,0.9305,True
1271,3,art,3,art,0.4142,True
1272,13,gro,13,gro,0.7906,True
1273,21,mca,21,mca,0.8607,True
1274,3,art,3,art,0.566,True
1275,34,whj,32,tur,0.4793,False
1276,29,san,13,gro,0.3689,False
1277,13,gro,13,gro,0.8694,True
1278,13,gro,13,gro,0.9162,True
1279,13,gro,13,gro,0.5974,True
1280,11,drt,11,drt,0.6568,True
1281,7,dls,13,gro,0.3148,False
1282,13,gro,13,gro,0.9058,True
1283,13,gro,13,gro,0.5682,True
1284,3,art,3,art,0.7861,True
1285,3,art,3,art,0.4534,True
1286,6,clr,6,clr,0.4127,True
1287,7,dls,14,hor,0.4166,False
1288,13,gro,13,gro,0.3968,True
1289,13,gro,13,gro,0.7706,True
1290,13,gro,32,tur,0.5329,False
1291,6,clr,6,clr,0.4537,True
1292,16,lar,13,gro,0.4113,False
1293,6,clr,6,clr,0.4399,True
1294,3,art,3,art,0.7888,True
1295,7,dls,14,hor,0.3708,False
1296,3,art,3,art,0.5956,True
1297,13,gro,13,gro,0.9422,True
1298,6,clr,6,clr,0.4754,True
1299,3,art,13,gro,0.5906,False
1300,16,lar,13,gro,0.3327,False
1301,2,arm,32,tur,0.1634,False
1302,6,clr,13,gro,0.8806,False
1303,3,art,3,art,0.73,True
1304,3,art,3,art,0.6459,True
1305,13,gro,13,gro,0.9153,True
1306,13,gro,13,gro,0.811,True
1307,13,gro,13,gro,0.9503,True
1308,13,gro,13,gro,0.9019,True
1309,13,gro,13,gro,0.8176,True
1310,21,mca,21,mca,0.9035,True
1311,29,san,13,gro,0.4853,False
1312,21,mca,21,mca,0.8742,True
1313,21,mca,21,mca,0.8895,True
1314,13,gro,13,gro,0.8445,True
1315,3,art,3,art,0.8162,True
1316,33,whe,32,tur,0.4862,False
1317,3,art,3,art,0.8292,True
1318,21,mca,21,mca,0.8251,True
1319,9,drh,13,gro,0.6088,False
1320,17,ltv,13,gro,0.2193,False
1321,13,gro,13,gro,0.8498,True
1322,13,gro,13,gro,0.9399,True
1323,13,gro,13,gro,0.8684,True
1324,22,nsk,3,art,0.4107,False
1325,6,clr,6,clr,0.3081,True
1326,6,clr,13,gro,0.4044,False
1327,3,art,3,art,0.6121,True
1328,6,clr,13,gro,0.3818,False
1329,13,gro,13,gro,0.8675,True
1330,3,art,3,art,0.6076,True
1331,3,art,3,art,0.4912,True
1332,13,gro,13,gro,0.7878,True
1333,13,gro,13,gro,0.5547,True
1334,13,gro,13,gro,0.8981,True
1335,33,whe,32,tur,0.916,False
1336,31,sun,3,art,0.5048,False
1337,13,gro,13,gro,0.9548,True
1338,6,clr,13,gro,0.3676,False
1339,6,clr,6,clr,0.3409,True
1340,17,ltv,13,gro,0.5658,False
1341,11,drt,11,drt,0.653,True
1342,7,dls,13,gro,0.635,False
1343,3,art,3,art,0.7393,True
1344,7,dls,13,gro,0.3197,False
1345,13,gro,13,gro,0.6418,True
1346,21,mca,21,mca,0.8865,True
1347,21,mca,21,mca,0.8348,True
1348,13,gro,13,gro,0.9466,True
1349,13,gro,13,gro,0.9378,True
1350,3,art,3,art,0.7068,True
1351,13,gro,13,gro,0.9442,True
1352,9,drh,13,gro,0.355,False
1353,7,dls,14,hor,0.4506,False
1354,3,art,3,art,0.6386,True
1355,10,drp,13,gro,0.6795,False
1356,13,gro,13,gro,0.838,True
1357,3,art,3,art,0.6299,True
1358,9,drh,13,gro,0.6479,False
1359,16,lar,13,gro,0.5401,False
1360,3,art,3,art,0.6492,True
1361,13,gro,13,gro,0.7205,True
1362,3,art,3,art,0.5762,True
1363,13,gro,13,gro,0.8407,True
1364,6,clr,13,gro,0.3234,False
1365,3,art,3,art,0.3802,True
1366,7,dls,13,gro,0.3674,False
1367,7,dls,14,hor,0.4548,False
1368,13,gro,13,gro,0.8929,True
1369,13,gro,13,gro,0.6817,True
1370,3,art,3,art,0.6432,True
1371,31,sun,3,art,0.419,False
1372,3,art,3,art,0.2356,True
1373,13,gro,13,gro,0.9184,True
1374,13,gro,13,gro,0.9193,True
1375,13,gro,13,gro,0.9385,True
1376,13,gro,13,gro,0.834,True
1377,13,gro,13,gro,0.5346,True
1378,3,art,3,art,0.6203,True
1379,13,gro,13,gro,0.9211,True
1380,13,gro,13,gro,0.8402,True
1381,6,clr,13,gro,0.291,False
1382,16,lar,13,gro,0.8914,False
1383,22,nsk,31,sun,0.419,False
1384,13,gro,13,gro,0.6576,True
1385,31,sun,31,sun,0.5687,True
1386,21,mca,21,mca,0.8923,True
1387,6,clr,13,gro,0.59,False
1388,13,gro,13,gro,0.9646,True
1389,13,gro,13,gro,0.82,True
1390,13,gro,13,gro,0.8012,True
1391,17,ltv,13,gro,0.3365,False
1392,21,mca,21,mca,0.4537,True
1393,13,gro,13,gro,0.4972,True
1394,6,clr,6,clr,0.3467,True
1395,6,clr,3,art,0.2586,False
1396,6,clr,13,gro,0.4653,False
1397,3,art,3,art,0.6298,True
1398,13,gro,13,gro,0.5782,True
1399,3,art,21,mca,0.7739,False
1400,9,drh,13,gro,0.6637,False
1401,6,clr,13,gro,0.4442,False
1402,6,clr,6,clr,0.4068,True
1403,6,clr,6,clr,0.3696,True
1404,21,mca,21,mca,0.8294,True
1405,13,gro,13,gro,0.8872,True
1406,3,art,3,art,0.4874,True
1407,6,clr,13,gro,0.3235,False
1408,3,art,3,art,0.5742,True
1409,6,clr,6,clr,0.4784,True
1410,3,art,3,art,0.5996,True
1411,3,art,3,art,0.5506,True
1412,13,gro,13,gro,0.8032,True
1413,3,art,13,gro,0.5561,False
1414,2,arm,13,gro,0.4099,False
1415,6,clr,6,clr,0.466,True
1416,3,art,3,art,0.5766,True
1417,3,art,3,art,0.3579,True
1418,13,gro,13,gro,0.8848,True
1419,13,gro,13,gro,0.9059,True
1420,6,clr,13,gro,0.1506,False
1421,29,san,13,gro,0.5231,False
1422,6,clr,13,gro,0.4453,False
1423,7,dls,13,gro,0.6238,False
1424,6,clr,13,gro,0.3766,False
1425,6,clr,6,clr,0.3014,True
1426,13,gro,13,gro,0.9657,True
1427,17,ltv,6,clr,0.2985,False
1428,3,art,3,art,0.6553,True
1429,13,gro,13,gro,0.9085,True
1430,3,art,3,art,0.574,True
1431,10,drp,13,gro,0.3956,False
1432,13,gro,13,gro,0.805,True
1433,11,drt,11,drt,0.7334,True
1434,7,dls,13,gro,0.5366,False
1435,6,clr,6,clr,0.496,True
1436,13,gro,13,gro,0.9511,True
1437,3,art,3,art,0.73,True
1438,13,gro,13,gro,0.8906,True
1439,6,clr,6,clr,0.2353,True
1440,6,clr,13,gro,0.3101,False
1441,21,mca,21,mca,0.8889,True
1442,7,dls,7,dls,0.4018,True
1443,13,gro,13,gro,0.8728,True
1444,13,gro,13,gro,0.9191,True
1445,6,clr,6,clr,0.3939,True
1446,17,ltv,13,gro,0.4039,False
1447,3,art,3,art,0.3756,True
1448,6,clr,13,gro,0.3945,False
1449,34,whj,32,tur,0.6228,False
1450,7,dls,13,gro,0.569,False
1451,13,gro,13,gro,0.3006,True
1452,13,gro,13,gro,0.6532,True
1453,6,clr,13,gro,0.3909,False
1454,13,gro,13,gro,0.7811,True
1455,17,ltv,13,gro,0.616,False
1456,3,art,3,art,0.8191,True
1457,13,gro,13,gro,0.9088,True
1458,13,gro,13,gro,0.9481,True
1459,16,lar,13,gro,0.858,False
1460,3,art,3,art,0.6256,True
1461,13,gro,13,gro,0.7101,True
1462,6,clr,13,gro,0.507,False
1463,10,drp,13,gro,0.5819,False
1464,10,drp,13,gro,0.4755,False
1465,13,gro,13,gro,0.8161,True
1466,13,gro,13,gro,0.7412,True
1467,3,art,3,art,0.6137,True
1468,3,art,3,art,0.4343,True
1469,9,drh,9,drh,0.5985,True
1470,13,gro,13,gro,0.4203,True
1471,7,dls,14,hor,0.4867,False
1472,13,gro,13,gro,0.7997,True
1473,13,gro,13,gro,0.7847,True
1474,29,san,6,clr,0.2439,False
1475,13,gro,13,gro,0.5458,True
1476,3,art,13,gro,0.3959,False
1477,13,gro,13,gro,0.8234,True
1478,3,art,13,gro,0.507,False
1479,13,gro,13,gro,0.8959,True
1480,13,gro,13,gro,0.8697,True
1481,34,whj,32,tur,0.5828,False
1482,7,dls,13,gro,0.367,False
1483,3,art,3,art,0.4614,True
1484,31,sun,31,sun,0.6366,True
1485,29,san,29,san,0.344,True
1486,21,mca,21,mca,0.8422,True
1487,13,gro,13,gro,0.9198,True
1488,3,art,3,art,0.6891,True
1489,17,ltv,6,clr,0.433,False
1490,6,clr,13,gro,0.4676,False
1491,6,clr,13,gro,0.2924,False
1492,3,art,3,art,0.393,True
1493,13,gro,13,gro,0.9336,True
1494,13,gro,13,gro,0.9555,True
1495,13,gro,13,gro,0.8895,True
1496,16,lar,13,gro,0.7887,False
1497,29,san,13,gro,0.7565,False
1498,13,gro,13,gro,0.9166,True
1499,13,gro,13,gro,0.7369,True
1500,31,sun,31,sun,0.2592,True
1501,21,mca,21,mca,0.8725,True
1502,3,art,3,art,0.3941,True
1503,9,drh,9,drh,0.6395,True
1504,2,arm,13,gro,0.2914,False
1505,3,art,3,art,0.5998,True
1506,3,art,3,art,0.351,True
1507,21,mca,21,mca,0.8466,True
1508,16,lar,13,gro,0.6967,False
1509,29,san,6,clr,0.3482,False
1510,21,mca,21,mca,0.8807,True
1511,6,clr,13,gro,0.4726,False
1512,17,ltv,6,clr,0.3797,False
1513,3,art,3,art,0.4511,True
1514,3,art,3,art,0.3792,True
1515,13,gro,13,gro,0.8072,True
1516,17,ltv,13,gro,0.7418,False
1517,31,sun,3,art,0.3911,False
1518,34,whj,32,tur,0.674,False
1519,13,gro,13,gro,0.6382,True
1520,34,whj,32,tur,0.8156,False
1521,21,mca,21,mca,0.8751,True
1522,3,art,3,art,0.6258,True
1523,13,gro,13,gro,0.8776,True
1524,31,sun,31,sun,0.6533,True
1525,3,art,3,art,0.6928,True
1526,3,art,21,mca,0.6464,False
1527,6,clr,13,gro,0.3912,False
1528,13,gro,13,gro,0.6075,True
1529,6,clr,6,clr,0.4624,True
1530,3,art,3,art,0.6615,True
1531,13,gro,13,gro,0.7529,True
1532,13,gro,13,gro,0.8947,True
1533,3,art,3,art,0.6299,True
1534,9,drh,9,drh,0.4316,True
1535,13,gro,13,gro,0.8418,True
1536,13,gro,13,gro,0.3203,True
1537,13,gro,13,gro,0.5882,True
1538,29,san,13,gro,0.587,False
1539,9,drh,9,drh,0.382,True
1540,6,clr,6,clr,0.5811,True
1541,22,nsk,31,sun,0.2798,False
1542,7,dls,13,gro,0.4294,False
1543,6,clr,6,clr,0.3433,True
1544,6,clr,6,clr,0.2521,True
1545,6,clr,13,gro,0.4695,False
1546,13,gro,13,gro,0.6574,True
1547,31,sun,31,sun,0.4349,True
1548,6,clr,6,clr,0.4689,True
1549,13,gro,13,gro,0.7976,True
1550,3,art,3,art,0.5169,True
1551,3,art,3,art,0.6583,True
1552,3,art,3,art,0.4377,True
1553,33,whe,32,tur,0.9008,False
1554,6,clr,6,clr,0.4402,True
1555,13,gro,13,gro,0.9631,True
1556,11,drt,11,drt,0.6958,True
1557,13,gro,13,gro,0.9005,True
1558,9,drh,13,gro,0.6988,False
1559,29,san,29,san,0.2134,True
1560,6,clr,6,clr,0.3906,True
1561,13,gro,13,gro,0.9502,True
1562,3,art,31,sun,0.31,False
1563,16,lar,13,gro,0.5706,False
1564,13,gro,13,gro,0.5943,True
1565,6,clr,13,gro,0.5731,False
1566,13,gro,13,gro,0.7897,True
1567,3,art,3,art,0.5972,True
1568,21,mca,21,mca,0.8679,True
1569,6,clr,3,art,0.3033,False
1570,3,art,3,art,0.5577,True
1571,13,gro,13,gro,0.5632,True
1572,3,art,3,art,0.4299,True
1573,6,clr,13,gro,0.3117,False
1574,3,art,3,art,0.5435,True
1575,6,clr,13,gro,0.4251,False
1576,13,gro,13,gro,0.6908,True
1577,3,art,3,art,0.6087,True
1578,7,dls,14,hor,0.7024,False
1579,3,art,3,art,0.837,True
1580,13,gro,13,gro,0.7951,True
1581,13,gro,13,gro,0.6587,True
1582,13,gro,13,gro,0.8899,True
1583,13,gro,13,gro,0.8864,True
1584,6,clr,6,clr,0.4297,True
1585,6,clr,13,gro,0.4627,False
1586,13,gro,13,gro,0.9494,True
1587,31,sun,31,sun,0.4158,True
1588,7,dls,14,hor,0.3898,False
1589,6,clr,13,gro,0.5387,False
1590,6,clr,6,clr,0.4693,True
1591,13,gro,13,gro,0.4496,True
1592,6,clr,13,gro,0.2345,False
1593,13,gro,13,gro,0.2642,True
