elapsed_s,terrain,confidence,speed_ms,x_est
0.0,unknown,0.0,0.0,-3.0
0.0,unknown,0.0,0.0,-3.0
0.0,soil,0.643,0.0,-3.0
0.0,soil,0.643,0.05,-3.0
0.0,sand,0.764,0.05,-3.0
0.0,sand,0.764,0.05,-3.0
0.0,sand,0.764,0.05,-3.0
0.0,sand,0.764,0.0,-3.0
0.0,sand,0.788,0.0,-3.0
0.0,sand,0.788,0.05,-3.0
0.0,sand,0.786,0.05,-3.0
0.0,sand,0.786,0.05,-3.0
0.0,sand,0.773,0.05,-3.0
0.0,sand,0.773,0.0,-3.0
0.0,sand,0.773,0.05,-3.0
0.0,sand,0.773,0.05,-3.0
0.01,sand,0.773,0.0,-3.0
0.01,sand,0.773,0.05,-3.0
0.09,sand,0.773,0.05,-3.0
0.12,sand,0.773,0.0,-3.0
0.19,sand,0.773,0.05,-2.99
0.29,sand,0.773,0.05,-2.99
0.33,sand,0.773,0.0,-2.99
0.34,sand,0.805,0.0,-2.99
0.39,sand,0.805,0.05,-2.99
0.49,sand,0.805,0.05,-2.99
0.53,sand,0.805,0.0,-2.98
0.6,sand,0.805,0.05,-2.98
0.69,sand,0.805,0.05,-2.98
0.7,sand,0.828,0.05,-2.98
0.74,sand,0.828,0.0,-2.98
0.8,sand,0.828,0.05,-2.97
0.89,sand,0.828,0.05,-2.97
0.94,sand,0.828,0.0,-2.97
0.99,sand,0.828,0.05,-2.97
1.09,sand,0.828,0.05,-2.97
1.12,sand,0.804,0.05,-2.96
1.15,sand,0.804,0.0,-2.96
1.19,sand,0.804,0.05,-2.96
1.29,sand,0.804,0.05,-2.96
1.36,sand,0.804,0.0,-2.95
1.39,sand,0.804,0.05,-2.95
1.46,sand,0.797,0.05,-2.95
1.49,sand,0.797,0.05,-2.95
1.57,sand,0.797,0.0,-2.94
1.59,sand,0.797,0.05,-2.94
1.69,sand,0.797,0.05,-2.94
1.79,sand,0.797,0.0,-2.94
1.79,sand,0.797,0.05,-2.93
1.81,sand,0.79,0.05,-2.93
1.89,sand,0.79,0.05,-2.93
1.99,sand,0.79,0.0,-2.93
1.99,sand,0.79,0.05,-2.92
2.09,sand,0.79,0.05,-2.92
2.14,sand,0.797,0.05,-2.92
2.19,sand,0.797,0.05,-2.91
2.22,sand,0.797,0.0,-2.91
2.29,sand,0.797,0.05,-2.91
2.39,sand,0.797,0.05,-2.91
2.41,sand,0.797,0.0,-2.9
2.5,sand,0.797,0.0,-2.9
2.5,sand,0.797,0.05,-2.9
2.59,sand,0.797,0.05,-2.9
2.62,sand,0.797,0.0,-2.9
2.69,sand,0.797,0.05,-2.9
2.79,sand,0.797,0.05,-2.9
2.86,sand,0.801,0.05,-2.89
2.87,sand,0.801,0.0,-2.89
2.89,sand,0.801,0.05,-2.89
2.99,sand,0.801,0.05,-2.89
3.06,sand,0.801,0.0,-2.88
3.1,sand,0.801,0.05,-2.88
3.18,sand,0.806,0.05,-2.88
3.19,sand,0.806,0.05,-2.88
3.27,sand,0.806,0.0,-2.88
3.29,sand,0.806,0.05,-2.87
3.4,sand,0.806,0.05,-2.87
3.48,sand,0.806,0.0,-2.87
3.49,sand,0.806,0.05,-2.86
3.49,sand,0.852,0.05,-2.86
3.59,sand,0.852,0.05,-2.86
3.69,sand,0.852,0.0,-2.86
3.7,sand,0.852,0.05,-2.85
3.79,sand,0.852,0.05,-2.85
3.85,sand,0.838,0.05,-2.85
3.89,sand,0.838,0.05,-2.84
3.9,sand,0.838,0.0,-2.84
3.99,sand,0.838,0.05,-2.84
4.09,sand,0.838,0.05,-2.84
4.1,sand,0.838,0.0,-2.84
4.19,sand,0.835,0.0,-2.84
4.19,sand,0.835,0.05,-2.84
4.29,sand,0.835,0.05,-2.84
4.3,sand,0.835,0.0,-2.83
4.4,sand,0.835,0.05,-2.83
4.5,sand,0.835,0.05,-2.83
4.51,sand,0.835,0.0,-2.83
4.58,sand,0.849,0.0,-2.83
4.59,sand,0.849,0.05,-2.83
4.7,sand,0.849,0.05,-2.83
4.71,sand,0.849,0.0,-2.82
4.81,sand,0.849,0.05,-2.82
4.89,sand,0.849,0.05,-2.82
4.97,sand,0.849,0.0,-2.81
4.99,sand,0.849,0.05,-2.81
5.03,sand,0.851,0.05,-2.81
5.09,sand,0.851,0.05,-2.81
5.15,sand,0.851,0.0,-2.81
5.19,sand,0.851,0.05,-2.8
5.29,sand,0.851,0.05,-2.8
5.34,sand,0.851,0.0,-2.8
5.39,sand,0.851,0.05,-2.8
5.42,sand,0.875,0.05,-2.8
5.49,sand,0.875,0.05,-2.79
5.54,sand,0.875,0.0,-2.79
5.59,sand,0.875,0.05,-2.79
5.69,sand,0.875,0.05,-2.79
5.75,sand,0.875,0.0,-2.78
5.76,sand,0.85,0.0,-2.78
5.79,sand,0.85,0.05,-2.78
5.89,sand,0.85,0.05,-2.78
5.96,sand,0.85,0.0,-2.77
5.99,sand,0.85,0.05,-2.77
6.09,sand,0.85,0.05,-2.77
6.13,sand,0.868,0.05,-2.77
6.16,sand,0.868,0.0,-2.76
6.19,sand,0.868,0.05,-2.76
6.29,sand,0.868,0.05,-2.76
6.36,sand,0.868,0.0,-2.76
6.39,sand,0.868,0.05,-2.75
6.47,sand,0.886,0.05,-2.75
6.49,sand,0.886,0.05,-2.75
6.57,sand,0.886,0.0,-2.75
6.59,sand,0.886,0.05,-2.75
6.7,sand,0.886,0.05,-2.75
6.78,sand,0.886,0.0,-2.74
6.8,sand,0.886,0.05,-2.74
6.81,sand,0.86,0.05,-2.74
6.89,sand,0.86,0.05,-2.74
6.99,sand,0.86,0.0,-2.73
6.99,sand,0.86,0.05,-2.73
7.1,sand,0.86,0.05,-2.73
7.18,sand,0.834,0.05,-2.72
7.19,sand,0.834,0.05,-2.72
7.19,sand,0.834,0.0,-2.72
7.29,sand,0.834,0.05,-2.72
7.39,sand,0.834,0.05,-2.72
7.4,sand,0.834,0.0,-2.71
7.49,sand,0.834,0.05,-2.71
7.54,sand,0.824,0.05,-2.71
7.59,sand,0.824,0.05,-2.71
7.6,sand,0.824,0.0,-2.71
7.69,sand,0.824,0.05,-2.71
7.79,sand,0.824,0.05,-2.71
7.81,sand,0.824,0.0,-2.7
7.89,sand,0.824,0.05,-2.7
7.93,sand,0.825,0.05,-2.7
7.99,sand,0.825,0.05,-2.7
8.01,sand,0.825,0.0,-2.69
8.09,sand,0.825,0.05,-2.69
8.19,sand,0.825,0.05,-2.69
8.23,sand,0.825,0.0,-2.69
8.29,sand,0.825,0.05,-2.69
8.32,sand,0.799,0.05,-2.69
8.39,sand,0.799,0.05,-2.68
8.42,sand,0.799,0.0,-2.68
8.49,sand,0.799,0.05,-2.68
8.59,sand,0.799,0.05,-2.68
8.63,sand,0.799,0.0,-2.67
8.69,sand,0.799,0.05,-2.67
8.69,sand,0.807,0.05,-2.67
8.79,sand,0.807,0.05,-2.67
8.83,sand,0.807,0.0,-2.67
8.89,sand,0.807,0.05,-2.67
8.99,sand,0.807,0.05,-2.67
9.06,sand,0.807,0.0,-2.66
9.09,sand,0.807,0.05,-2.66
9.16,sand,0.813,0.05,-2.66
9.19,sand,0.813,0.05,-2.65
9.26,sand,0.813,0.0,-2.65
9.29,sand,0.813,0.05,-2.65
9.4,sand,0.813,0.05,-2.65
9.46,sand,0.813,0.0,-2.64
9.56,sand,0.813,0.05,-2.64
9.6,sand,0.847,0.05,-2.64
9.63,sand,0.847,0.05,-2.64
9.67,sand,0.847,0.0,-2.64
9.71,sand,0.847,0.05,-2.63
9.8,sand,0.847,0.05,-2.63
9.88,sand,0.847,0.0,-2.63
9.97,sand,0.783,0.0,-2.63
10.01,sand,0.783,0.05,-2.63
10.01,sand,0.783,0.05,-2.63
10.08,sand,0.783,0.0,-2.63
10.09,sand,0.783,0.05,-2.62
10.19,sand,0.783,0.05,-2.62
10.29,sand,0.783,0.0,-2.62
10.29,sand,0.783,0.05,-2.61
10.31,sand,0.732,0.05,-2.61
10.4,sand,0.732,0.05,-2.61
10.49,sand,0.732,0.0,-2.61
10.49,sand,0.732,0.05,-2.6
10.59,sand,0.732,0.05,-2.6
10.67,sand,0.765,0.05,-2.6
10.69,sand,0.765,0.05,-2.59
10.7,sand,0.765,0.0,-2.59
10.81,sand,0.765,0.05,-2.59
10.9,sand,0.765,0.05,-2.59
10.91,sand,0.765,0.0,-2.59
10.99,sand,0.778,0.0,-2.59
10.99,sand,0.778,0.05,-2.59
11.09,sand,0.778,0.05,-2.59
11.12,sand,0.778,0.0,-2.58
11.19,sand,0.778,0.05,-2.58
11.3,sand,0.778,0.05,-2.58
11.34,sand,0.778,0.0,-2.58
11.35,sand,0.785,0.0,-2.57
11.39,sand,0.785,0.05,-2.57
11.49,sand,0.785,0.05,-2.57
11.55,sand,0.785,0.0,-2.57
11.59,sand,0.785,0.05,-2.57
11.69,sand,0.761,0.05,-2.57
11.69,sand,0.761,0.05,-2.56
11.75,sand,0.761,0.0,-2.56
11.8,sand,0.761,0.05,-2.56
11.89,sand,0.761,0.05,-2.56
11.97,sand,0.761,0.0,-2.55
12.0,sand,0.761,0.05,-2.55
12.08,sand,0.755,0.05,-2.55
12.09,sand,0.755,0.05,-2.54
12.17,sand,0.755,0.0,-2.54
12.19,sand,0.755,0.05,-2.54
12.3,sand,0.755,0.05,-2.54
12.38,sand,0.755,0.0,-2.53
12.39,sand,0.755,0.05,-2.53
12.41,sand,0.753,0.05,-2.53
12.49,sand,0.753,0.05,-2.53
12.59,sand,0.753,0.0,-2.53
12.6,sand,0.753,0.05,-2.52
12.69,sand,0.753,0.05,-2.52
12.8,sand,0.753,0.05,-2.52
12.82,sand,0.753,0.0,-2.51
12.83,sand,0.798,0.0,-2.51
12.89,sand,0.798,0.05,-2.51
12.99,sand,0.798,0.05,-2.51
13.02,sand,0.798,0.0,-2.5
13.09,sand,0.798,0.05,-2.5
13.19,sand,0.798,0.05,-2.5
13.26,sand,0.798,0.0,-2.5
13.27,sand,0.815,0.0,-2.49
13.29,sand,0.815,0.05,-2.49
13.39,sand,0.815,0.05,-2.49
13.49,sand,0.815,0.0,-2.49
13.49,sand,0.815,0.05,-2.48
13.59,sand,0.815,0.05,-2.48
13.69,sand,0.815,0.05,-2.48
13.7,sand,0.815,0.0,-2.47
13.72,sand,0.829,0.0,-2.47
13.79,sand,0.829,0.05,-2.47
13.89,sand,0.829,0.05,-2.47
13.89,sand,0.829,0.0,-2.47
13.99,sand,0.829,0.05,-2.47
14.08,sand,0.799,0.05,-2.47
14.09,sand,0.799,0.05,-2.46
14.11,sand,0.799,0.0,-2.46
14.19,sand,0.799,0.05,-2.46
14.29,sand,0.799,0.05,-2.46
14.32,sand,0.799,0.0,-2.46
14.39,sand,0.799,0.05,-2.46
14.44,sand,0.766,0.05,-2.46
14.49,sand,0.766,0.05,-2.45
14.52,sand,0.766,0.0,-2.45
14.59,sand,0.766,0.05,-2.45
14.69,sand,0.766,0.05,-2.45
14.75,sand,0.766,0.0,-2.45
14.78,sand,0.784,0.0,-2.44
14.79,sand,0.784,0.05,-2.44
14.89,sand,0.784,0.05,-2.44
14.94,sand,0.784,0.0,-2.44
14.99,sand,0.784,0.05,-2.43
15.09,sand,0.784,0.05,-2.43
15.15,sand,0.739,0.05,-2.43
15.17,sand,0.739,0.0,-2.43
15.19,sand,0.739,0.05,-2.43
15.29,sand,0.739,0.05,-2.43
15.36,sand,0.739,0.0,-2.42
15.4,sand,0.739,0.05,-2.42
15.49,sand,0.739,0.05,-2.42
15.51,sand,0.758,0.05,-2.41
15.58,sand,0.758,0.0,-2.41
15.59,sand,0.758,0.05,-2.41
15.69,sand,0.758,0.05,-2.41
15.78,sand,0.758,0.0,-2.4
15.79,sand,0.758,0.05,-2.4
15.89,sand,0.758,0.05,-2.4
15.95,sand,0.751,0.05,-2.39
15.99,sand,0.751,0.05,-2.39
16.0,sand,0.751,0.0,-2.39
16.09,sand,0.751,0.05,-2.39
16.19,sand,0.751,0.05,-2.39
16.21,sand,0.751,0.0,-2.38
16.29,sand,0.751,0.05,-2.38
16.31,sand,0.771,0.05,-2.38
16.4,sand,0.771,0.05,-2.38
16.42,sand,0.771,0.0,-2.38
16.49,sand,0.771,0.05,-2.38
16.59,sand,0.771,0.05,-2.38
16.63,sand,0.771,0.0,-2.37
16.69,sand,0.762,0.0,-2.37
16.69,sand,0.762,0.05,-2.37
16.79,sand,0.762,0.05,-2.37
16.83,sand,0.762,0.0,-2.36
16.89,sand,0.762,0.05,-2.36
16.99,sand,0.762,0.05,-2.36
17.04,sand,0.772,0.05,-2.36
17.06,sand,0.772,0.0,-2.35
17.09,sand,0.772,0.05,-2.35
17.19,sand,0.772,0.05,-2.35
17.26,sand,0.772,0.0,-2.35
17.29,sand,0.772,0.05,-2.34
17.39,sand,0.772,0.05,-2.34
17.44,sand,0.793,0.05,-2.34
17.48,sand,0.793,0.0,-2.34
17.5,sand,0.793,0.05,-2.34
17.59,sand,0.793,0.05,-2.34
17.69,sand,0.793,0.05,-2.33
17.69,sand,0.793,0.0,-2.33
17.8,sand,0.793,0.05,-2.33
17.83,sand,0.758,0.05,-2.33
17.89,sand,0.758,0.05,-2.32
17.92,sand,0.758,0.0,-2.32
17.99,sand,0.758,0.05,-2.32
18.09,sand,0.758,0.05,-2.32
18.13,sand,0.758,0.0,-2.31
18.2,sand,0.758,0.05,-2.31
18.29,sand,0.802,0.05,-2.31
18.29,sand,0.802,0.05,-2.31
18.36,sand,0.802,0.0,-2.31
18.39,sand,0.802,0.05,-2.3
18.5,sand,0.802,0.05,-2.3
18.56,sand,0.802,0.0,-2.3
18.59,sand,0.802,0.05,-2.3
18.66,sand,0.792,0.05,-2.3
18.69,sand,0.792,0.05,-2.29
18.76,sand,0.792,0.0,-2.29
18.79,sand,0.792,0.05,-2.29
18.89,sand,0.792,0.05,-2.29
18.96,sand,0.792,0.0,-2.28
18.98,sand,0.779,0.0,-2.28
19.0,sand,0.779,0.05,-2.28
19.09,sand,0.779,0.05,-2.28
19.17,sand,0.779,0.0,-2.27
19.2,sand,0.779,0.05,-2.27
19.3,sand,0.779,0.05,-2.27
19.33,sand,0.78,0.05,-2.27
19.37,sand,0.78,0.0,-2.26
19.39,sand,0.78,0.05,-2.26
19.49,sand,0.78,0.05,-2.26
19.58,sand,0.78,0.0,-2.26
19.62,sand,0.78,0.05,-2.25
19.71,sand,0.763,0.05,-2.25
19.73,sand,0.763,0.05,-2.25
19.79,sand,0.763,0.0,-2.25
19.83,sand,0.763,0.05,-2.24
19.89,sand,0.763,0.05,-2.24
19.99,sand,0.763,0.05,-2.24
20.02,sand,0.763,0.0,-2.24
20.09,sand,0.773,0.0,-2.23
20.09,sand,0.773,0.05,-2.23
20.19,sand,0.773,0.05,-2.23
20.21,sand,0.773,0.0,-2.23
20.29,sand,0.773,0.05,-2.23
20.39,sand,0.773,0.05,-2.23
20.43,sand,0.773,0.0,-2.22
20.49,sand,0.773,0.05,-2.22
20.51,sand,0.802,0.05,-2.22
20.59,sand,0.802,0.05,-2.22
20.63,sand,0.802,0.0,-2.22
20.69,sand,0.802,0.05,-2.21
20.79,sand,0.802,0.05,-2.21
20.84,sand,0.802,0.0,-2.21
20.89,sand,0.802,0.05,-2.21
20.91,sand,0.788,0.05,-2.21
20.99,sand,0.788,0.05,-2.21
21.04,sand,0.788,0.0,-2.2
21.09,sand,0.788,0.05,-2.2
21.19,sand,0.788,0.05,-2.2
21.25,sand,0.773,0.05,-2.19
21.26,sand,0.773,0.0,-2.19
21.29,sand,0.773,0.05,-2.19
21.39,sand,0.773,0.05,-2.19
21.46,sand,0.773,0.0,-2.19
21.49,sand,0.773,0.05,-2.18
21.59,sand,0.751,0.05,-2.18
21.59,sand,0.751,0.05,-2.18
21.66,sand,0.751,0.0,-2.18
21.69,sand,0.751,0.05,-2.17
21.79,sand,0.751,0.05,-2.17
21.87,sand,0.751,0.0,-2.17
21.88,sand,0.713,0.0,-2.17
21.89,sand,0.713,0.05,-2.17
21.99,sand,0.713,0.05,-2.17
22.07,sand,0.713,0.0,-2.16
22.1,sand,0.713,0.05,-2.16
22.19,sand,0.713,0.05,-2.16
22.21,sand,0.701,0.05,-2.15
22.28,sand,0.701,0.0,-2.15
22.29,sand,0.701,0.05,-2.15
22.39,sand,0.701,0.05,-2.15
22.49,sand,0.701,0.0,-2.14
22.49,sand,0.701,0.05,-2.14
22.55,sand,0.713,0.05,-2.14
22.59,sand,0.713,0.05,-2.13
22.69,sand,0.713,0.0,-2.13
22.69,sand,0.713,0.05,-2.13
22.8,sand,0.713,0.05,-2.13
22.89,sand,0.713,0.05,-2.12
22.89,sand,0.713,0.0,-2.12
22.93,sand,0.696,0.0,-2.12
22.99,sand,0.696,0.05,-2.12
23.09,sand,0.696,0.05,-2.12
23.09,sand,0.696,0.0,-2.11
23.19,sand,0.696,0.05,-2.11
23.29,sand,0.696,0.05,-2.11
23.31,sand,0.696,0.0,-2.11
23.36,sand,0.736,0.0,-2.11
23.39,sand,0.736,0.05,-2.11
23.49,sand,0.736,0.05,-2.11
23.51,sand,0.736,0.0,-2.1
23.59,sand,0.736,0.05,-2.1
23.7,sand,0.736,0.05,-2.1
23.72,sand,0.736,0.0,-2.09
23.74,sand,0.712,0.0,-2.09
23.79,sand,0.712,0.05,-2.09
23.89,sand,0.712,0.05,-2.09
23.92,sand,0.712,0.0,-2.09
23.99,sand,0.712,0.05,-2.09
24.09,sand,0.712,0.05,-2.09
24.11,sand,0.667,0.05,-2.08
24.13,sand,0.667,0.0,-2.08
24.19,sand,0.667,0.05,-2.08
24.29,sand,0.667,0.05,-2.08
24.33,sand,0.667,0.0,-2.08
24.39,sand,0.667,0.05,-2.07
24.49,sand,0.667,0.05,-2.07
24.52,sand,0.672,0.05,-2.07
24.54,sand,0.672,0.0,-2.07
24.59,sand,0.672,0.05,-2.07
24.69,sand,0.672,0.05,-2.07
24.73,sand,0.672,0.0,-2.06
24.79,sand,0.672,0.05,-2.06
24.87,sand,0.674,0.05,-2.06
24.89,sand,0.674,0.05,-2.05
24.94,sand,0.674,0.0,-2.05
24.99,sand,0.674,0.05,-2.05
25.09,sand,0.674,0.05,-2.05
25.14,sand,0.674,0.0,-2.05
25.19,sand,0.674,0.05,-2.04
25.24,sand,0.69,0.05,-2.04
25.29,sand,0.69,0.05,-2.04
25.35,sand,0.69,0.0,-2.04
25.4,sand,0.69,0.05,-2.04
25.49,sand,0.69,0.05,-2.04
25.56,sand,0.69,0.0,-2.03
25.6,sand,0.69,0.05,-2.03
25.66,sand,0.663,0.05,-2.03
25.69,sand,0.663,0.05,-2.02
25.76,sand,0.663,0.0,-2.02
25.79,sand,0.663,0.05,-2.02
25.89,sand,0.663,0.05,-2.02
25.97,sand,0.663,0.0,-2.01
25.99,sand,0.663,0.05,-2.01
26.01,sand,0.713,0.05,-2.01
26.09,sand,0.713,0.05,-2.01
26.18,sand,0.713,0.0,-2.01
26.19,sand,0.713,0.05,-2.0
26.3,sand,0.713,0.05,-2.0
26.38,sand,0.679,0.05,-2.0
26.38,sand,0.679,0.0,-1.99
26.39,sand,0.679,0.05,-1.99
26.51,sand,0.679,0.05,-1.99
26.59,sand,0.679,0.05,-1.99
26.6,sand,0.679,0.0,-1.98
26.69,sand,0.679,0.05,-1.98
26.8,sand,0.679,0.05,-1.98
26.8,sand,0.738,0.05,-1.98
26.81,sand,0.738,0.0,-1.98
26.89,sand,0.738,0.05,-1.98
26.99,sand,0.738,0.05,-1.98
27.0,sand,0.738,0.0,-1.97
27.1,sand,0.738,0.05,-1.97
27.19,sand,0.738,0.05,-1.97
27.21,sand,0.738,0.0,-1.97
27.23,sand,0.722,0.0,-1.96
27.29,sand,0.722,0.05,-1.96
27.39,sand,0.722,0.05,-1.96
27.41,sand,0.722,0.0,-1.96
27.49,sand,0.722,0.05,-1.96
27.57,sand,0.729,0.05,-1.96
27.59,sand,0.729,0.05,-1.95
27.62,sand,0.729,0.0,-1.95
27.69,sand,0.729,0.05,-1.95
27.79,sand,0.729,0.05,-1.95
27.82,sand,0.729,0.0,-1.95
27.88,sand,0.726,0.0,-1.95
27.89,sand,0.726,0.05,-1.95
27.99,sand,0.726,0.05,-1.95
28.03,sand,0.726,0.0,-1.94
28.09,sand,0.726,0.05,-1.94
28.18,sand,0.762,0.05,-1.94
28.19,sand,0.762,0.05,-1.93
28.24,sand,0.762,0.0,-1.93
28.29,sand,0.762,0.05,-1.93
28.39,sand,0.762,0.05,-1.93
28.45,sand,0.762,0.0,-1.93
28.49,sand,0.762,0.05,-1.92
28.5,sand,0.788,0.05,-1.92
28.59,sand,0.788,0.05,-1.92
28.64,sand,0.788,0.0,-1.92
28.69,sand,0.788,0.05,-1.92
28.79,sand,0.788,0.05,-1.92
28.83,sand,0.762,0.05,-1.91
28.85,sand,0.762,0.0,-1.91
28.89,sand,0.762,0.05,-1.91
28.99,sand,0.762,0.05,-1.91
29.05,sand,0.762,0.0,-1.9
29.09,sand,0.762,0.05,-1.9
29.12,sand,0.78,0.05,-1.9
29.19,sand,0.78,0.05,-1.9
29.26,sand,0.78,0.0,-1.89
29.29,sand,0.78,0.05,-1.89
29.39,sand,0.78,0.05,-1.89
29.42,sand,0.781,0.05,-1.89
29.49,sand,0.781,0.0,-1.88
29.51,sand,0.781,0.05,-1.88
29.59,sand,0.781,0.05,-1.88
29.68,sand,0.781,0.0,-1.88
29.71,sand,0.781,0.05,-1.87
29.76,sand,0.757,0.05,-1.87
29.79,sand,0.757,0.05,-1.87
29.87,sand,0.757,0.0,-1.87
29.9,sand,0.757,0.05,-1.86
29.99,sand,0.757,0.05,-1.86
30.07,sand,0.757,0.0,-1.86
30.09,sand,0.757,0.05,-1.86
30.11,sand,0.671,0.05,-1.86
30.19,sand,0.671,0.05,-1.85
30.27,sand,0.671,0.0,-1.85
30.29,sand,0.671,0.05,-1.85
30.39,sand,0.671,0.05,-1.85
30.47,sand,0.631,0.05,-1.84
30.47,sand,0.631,0.0,-1.84
30.49,sand,0.631,0.05,-1.84
30.59,sand,0.631,0.05,-1.84
30.68,sand,0.631,0.0,-1.83
30.69,sand,0.631,0.05,-1.83
30.76,sand,0.723,0.05,-1.83
30.79,sand,0.723,0.05,-1.82
30.87,sand,0.723,0.0,-1.82
30.89,sand,0.723,0.05,-1.82
31.0,sand,0.723,0.05,-1.82
31.08,sand,0.723,0.0,-1.81
31.09,sand,0.818,0.0,-1.81
31.09,sand,0.818,0.05,-1.81
31.19,sand,0.818,0.05,-1.81
31.28,sand,0.818,0.0,-1.8
31.29,sand,0.818,0.05,-1.8
31.4,sand,0.816,0.05,-1.8
31.4,sand,0.816,0.05,-1.79
31.48,sand,0.816,0.0,-1.79
31.49,sand,0.816,0.05,-1.79
31.6,sand,0.816,0.05,-1.79
31.69,sand,0.816,0.0,-1.79
31.69,sand,0.816,0.05,-1.78
31.78,sand,0.783,0.05,-1.78
31.79,sand,0.783,0.05,-1.78
31.89,sand,0.783,0.05,-1.78
31.89,sand,0.783,0.0,-1.77
31.99,sand,0.783,0.05,-1.77
32.09,sand,0.783,0.05,-1.77
32.1,sand,0.783,0.0,-1.77
32.15,sand,0.776,0.0,-1.77
32.19,sand,0.776,0.05,-1.77
32.29,sand,0.776,0.05,-1.77
32.31,sand,0.776,0.0,-1.76
32.39,sand,0.776,0.05,-1.76
32.49,sand,0.776,0.05,-1.76
32.52,sand,0.776,0.0,-1.75
32.55,sand,0.804,0.0,-1.75
32.59,sand,0.804,0.05,-1.75
32.7,sand,0.804,0.05,-1.75
32.72,sand,0.804,0.0,-1.75
32.79,sand,0.804,0.05,-1.75
32.87,sand,0.772,0.05,-1.75
32.89,sand,0.772,0.05,-1.74
32.92,sand,0.772,0.0,-1.74
32.99,sand,0.772,0.05,-1.74
33.09,sand,0.772,0.05,-1.74
33.13,sand,0.772,0.0,-1.73
33.19,sand,0.772,0.05,-1.73
33.29,sand,0.772,0.05,-1.73
33.32,sand,0.753,0.05,-1.73
33.33,sand,0.753,0.0,-1.73
33.39,sand,0.753,0.05,-1.73
33.49,sand,0.753,0.05,-1.73
33.55,sand,0.753,0.0,-1.72
33.59,sand,0.753,0.05,-1.72
33.67,sand,0.765,0.05,-1.72
33.69,sand,0.765,0.05,-1.71
33.75,sand,0.765,0.0,-1.71
33.79,sand,0.765,0.05,-1.71
33.89,sand,0.765,0.05,-1.71
33.96,sand,0.765,0.0,-1.7
33.99,sand,0.765,0.05,-1.7
34.05,sand,0.75,0.05,-1.7
34.09,sand,0.75,0.05,-1.7
34.16,sand,0.75,0.0,-1.7
34.19,sand,0.75,0.05,-1.69
34.3,sand,0.75,0.05,-1.69
34.39,sand,0.75,0.0,-1.69
34.39,sand,0.75,0.05,-1.68
34.47,sand,0.744,0.05,-1.68
34.49,sand,0.744,0.05,-1.68
34.59,sand,0.744,0.05,-1.68
34.65,sand,0.744,0.0,-1.67
34.69,sand,0.744,0.05,-1.67
34.79,sand,0.744,0.05,-1.67
34.89,sand,0.744,0.05,-1.66
34.92,sand,0.744,0.0,-1.66
34.99,sand,0.744,0.05,-1.66
35.1,sand,0.744,0.05,-1.66
35.2,sand,0.744,0.05,-1.65
35.25,sand,0.744,0.0,-1.65
35.27,sand,0.747,0.0,-1.65
35.29,sand,0.747,0.05,-1.65
35.39,sand,0.747,0.05,-1.65
35.49,sand,0.747,0.05,-1.64
35.51,sand,0.747,0.0,-1.64
35.6,sand,0.747,0.05,-1.63
35.7,sand,0.747,0.05,-1.63
35.75,sand,0.747,0.0,-1.63
35.89,sand,0.747,0.05,-1.63
35.89,sand,0.798,0.05,-1.63
35.89,sand,0.798,0.05,-1.63
36.0,sand,0.798,0.0,-1.63
36.01,sand,0.798,0.05,-1.62
36.09,sand,0.798,0.05,-1.62
36.2,sand,0.798,0.05,-1.62
36.24,sand,0.798,0.0,-1.61
36.29,sand,0.798,0.05,-1.61
36.39,sand,0.798,0.05,-1.61
36.48,sand,0.798,0.0,-1.6
36.5,sand,0.798,0.05,-1.6
36.59,sand,0.798,0.05,-1.6
36.69,sand,0.798,0.05,-1.6
36.75,sand,0.798,0.0,-1.59
36.79,sand,0.798,0.05,-1.59
36.8,sand,0.774,0.05,-1.59
36.89,sand,0.774,0.05,-1.59
36.96,sand,0.774,0.0,-1.58
37.0,sand,0.774,0.05,-1.58
37.1,sand,0.774,0.05,-1.58
37.19,sand,0.774,0.0,-1.57
37.19,sand,0.774,0.05,-1.57
37.3,sand,0.774,0.05,-1.57
37.39,sand,0.774,0.05,-1.56
37.46,sand,0.834,0.05,-1.56
37.46,sand,0.834,0.0,-1.56
37.49,sand,0.834,0.05,-1.56
37.59,sand,0.834,0.05,-1.56
37.64,sand,0.834,0.0,-1.55
37.69,sand,0.834,0.05,-1.55
37.79,sand,0.834,0.05,-1.55
37.86,sand,0.834,0.0,-1.54
37.87,sand,0.802,0.0,-1.54
37.89,sand,0.802,0.05,-1.54
37.99,sand,0.802,0.05,-1.54
38.07,sand,0.802,0.0,-1.54
38.1,sand,0.802,0.05,-1.53
38.19,sand,0.802,0.05,-1.53
38.27,sand,0.846,0.05,-1.53
38.28,sand,0.846,0.0,-1.52
38.29,sand,0.846,0.05,-1.52
38.39,sand,0.846,0.05,-1.52
38.48,sand,0.846,0.0,-1.52
38.49,sand,0.846,0.05,-1.51
38.59,sand,0.846,0.05,-1.51
38.67,sand,0.866,0.05,-1.51
38.69,sand,0.866,0.0,-1.5
38.69,sand,0.866,0.05,-1.5
38.79,sand,0.866,0.05,-1.5
38.9,sand,0.866,0.05,-1.5
38.91,sand,0.866,0.0,-1.49
38.99,sand,0.866,0.05,-1.49
39.07,sand,0.81,0.05,-1.49
39.09,sand,0.81,0.05,-1.49
39.13,sand,0.81,0.0,-1.49
39.19,sand,0.81,0.05,-1.48
39.29,sand,0.81,0.05,-1.48
39.35,sand,0.81,0.0,-1.48
39.39,sand,0.81,0.05,-1.48
39.5,sand,0.81,0.05,-1.48
39.59,sand,0.81,0.05,-1.47
39.65,sand,0.81,0.0,-1.47
39.69,sand,0.81,0.05,-1.46
39.79,sand,0.81,0.05,-1.46
39.83,sand,0.774,0.05,-1.46
39.86,sand,0.774,0.0,-1.46
39.89,sand,0.774,0.05,-1.46
39.99,sand,0.774,0.05,-1.46
40.03,sand,0.774,0.0,-1.45
40.1,sand,0.774,0.05,-1.45
40.17,sand,0.754,0.05,-1.45
40.19,sand,0.754,0.05,-1.44
40.23,sand,0.754,0.0,-1.44
40.29,sand,0.754,0.05,-1.44
40.41,sand,0.754,0.05,-1.44
40.44,sand,0.754,0.0,-1.44
40.49,sand,0.754,0.05,-1.43
40.54,sand,0.715,0.05,-1.43
40.59,sand,0.715,0.05,-1.43
40.66,sand,0.715,0.0,-1.43
40.69,sand,0.715,0.05,-1.43
40.79,sand,0.715,0.05,-1.43
40.85,sand,0.715,0.0,-1.42
40.9,sand,0.715,0.05,-1.42
40.94,sand,0.74,0.05,-1.42
40.99,sand,0.74,0.05,-1.42
41.05,sand,0.74,0.0,-1.41
41.09,sand,0.74,0.05,-1.41
41.19,sand,0.74,0.05,-1.41
41.25,sand,0.765,0.05,-1.41
41.26,sand,0.765,0.0,-1.4
41.29,sand,0.765,0.05,-1.4
41.39,sand,0.765,0.05,-1.4
41.46,sand,0.765,0.0,-1.4
41.5,sand,0.765,0.05,-1.39
41.59,sand,0.765,0.05,-1.39
41.62,sand,0.726,0.05,-1.39
41.67,sand,0.726,0.0,-1.39
41.7,sand,0.726,0.05,-1.38
41.79,sand,0.726,0.05,-1.38
41.88,sand,0.726,0.0,-1.38
41.89,sand,0.726,0.05,-1.38
41.99,sand,0.726,0.05,-1.38
42.03,sand,0.719,0.05,-1.37
42.09,sand,0.719,0.05,-1.37
42.09,sand,0.719,0.0,-1.37
42.19,sand,0.719,0.05,-1.37
42.29,sand,0.719,0.05,-1.37
42.3,sand,0.719,0.0,-1.36
42.39,sand,0.719,0.05,-1.36
42.49,sand,0.719,0.05,-1.36
42.49,sand,0.682,0.05,-1.36
42.52,sand,0.682,0.0,-1.36
42.6,sand,0.682,0.05,-1.35
42.69,sand,0.682,0.05,-1.35
42.74,sand,0.682,0.0,-1.35
42.79,sand,0.682,0.05,-1.35
42.89,sand,0.682,0.05,-1.35
42.91,sand,0.721,0.05,-1.34
42.95,sand,0.721,0.0,-1.34
42.99,sand,0.721,0.05,-1.34
43.1,sand,0.721,0.05,-1.34
43.18,sand,0.721,0.0,-1.33
43.19,sand,0.721,0.05,-1.33
43.29,sand,0.721,0.05,-1.33
43.31,sand,0.664,0.05,-1.32
43.38,sand,0.664,0.0,-1.32
43.39,sand,0.664,0.05,-1.32
43.49,sand,0.664,0.05,-1.32
43.59,sand,0.664,0.05,-1.31
43.6,sand,0.664,0.0,-1.31
43.69,sand,0.664,0.05,-1.31
43.73,sand,0.678,0.05,-1.31
43.79,sand,0.678,0.05,-1.31
43.81,sand,0.678,0.0,-1.3
43.89,sand,0.678,0.05,-1.3
44.0,sand,0.678,0.05,-1.3
44.03,sand,0.678,0.0,-1.3
44.09,sand,0.678,0.05,-1.3
44.15,sand,0.664,0.05,-1.3
44.19,sand,0.664,0.05,-1.29
44.25,sand,0.664,0.0,-1.29
44.3,sand,0.664,0.05,-1.29
44.39,sand,0.664,0.05,-1.29
44.46,sand,0.664,0.0,-1.28
44.49,sand,0.664,0.05,-1.28
44.55,sand,0.65,0.05,-1.28
44.59,sand,0.65,0.05,-1.28
44.67,sand,0.65,0.0,-1.28
44.69,sand,0.65,0.05,-1.27
44.79,sand,0.65,0.05,-1.27
44.88,sand,0.65,0.0,-1.27
44.89,sand,0.653,0.0,-1.26
44.89,sand,0.653,0.05,-1.26
44.99,sand,0.653,0.05,-1.26
45.09,sand,0.653,0.0,-1.26
45.09,sand,0.653,0.05,-1.25
45.19,sand,0.653,0.05,-1.25
45.24,sand,0.628,0.05,-1.25
45.29,sand,0.628,0.05,-1.24
45.3,sand,0.628,0.0,-1.24
45.39,sand,0.628,0.05,-1.24
45.5,sand,0.628,0.05,-1.24
45.51,sand,0.628,0.0,-1.24
45.59,sand,0.628,0.05,-1.24
45.65,sand,0.617,0.05,-1.24
45.69,sand,0.617,0.05,-1.23
45.71,sand,0.617,0.0,-1.23
45.79,sand,0.617,0.05,-1.23
45.89,sand,0.617,0.05,-1.23
45.94,sand,0.617,0.0,-1.22
45.99,sand,0.617,0.05,-1.22
46.08,sand,0.596,0.05,-1.22
46.09,sand,0.596,0.05,-1.22
46.16,sand,0.596,0.0,-1.22
46.19,sand,0.596,0.05,-1.21
46.29,sand,0.596,0.05,-1.21
46.37,sand,0.596,0.0,-1.21
46.39,sand,0.596,0.05,-1.2
46.44,sand,0.517,0.05,-1.2
46.49,sand,0.517,0.05,-1.2
46.56,sand,0.517,0.0,-1.2
46.59,sand,0.517,0.05,-1.2
46.69,sand,0.517,0.05,-1.2
46.77,sand,0.517,0.0,-1.19
46.79,sand,0.617,0.0,-1.19
46.79,sand,0.617,0.05,-1.19
46.89,sand,0.617,0.05,-1.19
46.97,sand,0.617,0.0,-1.18
46.99,sand,0.617,0.05,-1.18
47.09,sand,0.617,0.05,-1.18
47.11,sand,0.651,0.05,-1.17
47.18,sand,0.651,0.0,-1.17
47.19,sand,0.651,0.05,-1.17
47.29,sand,0.651,0.05,-1.17
47.38,sand,0.651,0.0,-1.16
47.39,sand,0.651,0.05,-1.16
47.49,sand,0.651,0.05,-1.16
47.52,sand,0.64,0.05,-1.15
47.59,sand,0.64,0.0,-1.15
47.59,sand,0.64,0.05,-1.15
47.69,sand,0.64,0.05,-1.15
47.79,sand,0.64,0.0,-1.14
47.79,sand,0.64,0.05,-1.14
47.86,sand,0.546,0.05,-1.14
47.89,sand,0.546,0.05,-1.14
47.99,sand,0.546,0.0,-1.13
47.99,sand,0.546,0.05,-1.13
48.09,sand,0.546,0.05,-1.13
48.19,sand,0.534,0.05,-1.12
48.19,sand,0.534,0.05,-1.12
48.2,sand,0.534,0.0,-1.12
48.29,sand,0.534,0.05,-1.12
48.4,sand,0.534,0.05,-1.12
48.4,sand,0.534,0.0,-1.11
48.49,sand,0.534,0.05,-1.11
48.54,sand,0.548,0.05,-1.11
48.59,sand,0.548,0.05,-1.11
48.6,sand,0.548,0.0,-1.11
48.69,sand,0.548,0.05,-1.11
48.79,sand,0.548,0.05,-1.11
48.81,sand,0.548,0.0,-1.1
48.86,sand,0.568,0.0,-1.1
48.89,sand,0.568,0.05,-1.1
48.99,sand,0.568,0.05,-1.1
49.02,sand,0.568,0.0,-1.1
49.09,sand,0.568,0.05,-1.09
49.19,sand,0.568,0.05,-1.09
49.19,sand,0.594,0.05,-1.09
49.23,sand,0.594,0.0,-1.09
49.29,sand,0.594,0.05,-1.09
49.39,sand,0.594,0.05,-1.09
49.44,sand,0.594,0.0,-1.08
49.49,sand,0.594,0.05,-1.08
49.53,sand,0.588,0.05,-1.08
49.59,sand,0.588,0.05,-1.08
49.65,sand,0.588,0.0,-1.08
49.69,sand,0.588,0.05,-1.07
49.79,sand,0.588,0.05,-1.07
49.86,sand,0.588,0.0,-1.07
49.91,sand,0.518,0.0,-1.06
49.94,sand,0.518,0.05,-1.06
49.99,sand,0.518,0.05,-1.06
50.07,sand,0.518,0.0,-1.06
50.1,sand,0.518,0.05,-1.06
50.19,sand,0.518,0.05,-1.06
50.29,sand,0.518,0.0,-1.05
50.29,sand,0.518,0.05,-1.05
50.3,sand,0.575,0.05,-1.05
50.39,sand,0.575,0.05,-1.05
50.49,sand,0.575,0.0,-1.04
50.49,sand,0.575,0.05,-1.04
50.59,sand,0.575,0.05,-1.04
50.69,sand,0.575,0.05,-1.03
50.7,sand,0.575,0.0,-1.03
50.73,sand,0.564,0.0,-1.03
50.79,sand,0.564,0.05,-1.03
50.89,sand,0.564,0.05,-1.03
50.9,sand,0.564,0.0,-1.02
50.99,sand,0.564,0.05,-1.02
51.09,sand,0.62,0.05,-1.02
51.09,sand,0.62,0.05,-1.02
51.1,sand,0.62,0.0,-1.02
51.19,sand,0.62,0.05,-1.02
51.29,sand,0.62,0.05,-1.02
51.3,sand,0.62,0.0,-1.01
51.39,sand,0.62,0.05,-1.01
51.41,sand,0.594,0.05,-1.01
51.49,sand,0.594,0.05,-1.01
51.5,sand,0.594,0.0,-1.01
51.59,sand,0.594,0.05,-1.01
51.7,sand,0.594,0.05,-1.01
51.72,sand,0.594,0.0,-1.0
51.72,sand,0.595,0.0,-1.0
51.79,sand,0.595,0.05,-1.0
51.89,sand,0.595,0.05,-1.0
51.92,sand,0.595,0.0,-0.99
51.99,sand,0.595,0.05,-0.99
52.03,sand,0.544,0.05,-0.99
52.09,sand,0.544,0.05,-0.99
52.12,sand,0.544,0.0,-0.99
52.19,sand,0.544,0.05,-0.99
52.29,sand,0.544,0.05,-0.99
52.32,sand,0.544,0.0,-0.98
52.32,sand,0.526,0.0,-0.98
52.39,sand,0.526,0.05,-0.98
52.49,sand,0.526,0.05,-0.98
52.52,sand,0.526,0.0,-0.97
52.59,sand,0.526,0.05,-0.97
52.66,sand,0.488,0.05,-0.97
52.69,sand,0.488,0.05,-0.97
52.72,sand,0.488,0.0,-0.97
52.79,sand,0.488,0.05,-0.97
52.89,sand,0.488,0.05,-0.97
52.93,sand,0.488,0.0,-0.96
52.99,sand,0.488,0.05,-0.96
52.99,sand,0.534,0.05,-0.96
53.09,sand,0.534,0.05,-0.96
53.14,sand,0.534,0.0,-0.95
53.19,sand,0.534,0.05,-0.95
53.29,sand,0.534,0.05,-0.95
53.3,sand,0.506,0.05,-0.95
53.34,sand,0.506,0.0,-0.95
53.39,sand,0.506,0.05,-0.94
53.49,sand,0.506,0.05,-0.94
53.54,sand,0.506,0.0,-0.94
53.59,sand,0.506,0.05,-0.94
53.62,sand,0.519,0.05,-0.94
53.69,sand,0.519,0.05,-0.94
53.75,sand,0.519,0.0,-0.93
53.79,sand,0.519,0.05,-0.93
53.89,sand,0.519,0.05,-0.93
53.92,sand,0.55,0.05,-0.92
53.95,sand,0.55,0.0,-0.92
53.99,sand,0.55,0.05,-0.92
54.09,sand,0.55,0.05,-0.92
54.15,sand,0.55,0.0,-0.92
54.19,sand,0.55,0.05,-0.91
54.27,sand,0.534,0.05,-0.91
54.29,sand,0.534,0.05,-0.91
54.35,sand,0.534,0.0,-0.91
54.39,sand,0.534,0.05,-0.9
54.49,sand,0.534,0.05,-0.9
54.55,sand,0.534,0.0,-0.9
54.56,sand,0.582,0.0,-0.9
54.59,sand,0.582,0.05,-0.9
54.7,sand,0.582,0.05,-0.9
54.76,sand,0.582,0.0,-0.89
54.79,sand,0.582,0.05,-0.89
54.89,sand,0.582,0.05,-0.89
54.9,sand,0.572,0.05,-0.88
54.97,sand,0.572,0.0,-0.88
54.99,sand,0.572,0.05,-0.88
55.09,sand,0.572,0.05,-0.88
55.17,sand,0.572,0.0,-0.87
55.19,sand,0.572,0.05,-0.87
55.2,sand,0.488,0.05,-0.87
55.29,sand,0.488,0.05,-0.87
55.37,sand,0.488,0.0,-0.87
55.39,sand,0.488,0.05,-0.86
55.49,sand,0.488,0.05,-0.86
55.51,sand,0.446,0.05,-0.86
55.59,sand,0.446,0.0,-0.86
55.59,sand,0.446,0.05,-0.85
55.69,sand,0.446,0.05,-0.85
55.79,sand,0.446,0.0,-0.85
55.79,sand,0.446,0.05,-0.84
55.88,sand,0.446,0.05,-0.84
55.89,sand,0.446,0.05,-0.84
55.99,sand,0.446,0.05,-0.84
55.99,sand,0.446,0.0,-0.83
56.09,sand,0.446,0.05,-0.83
56.18,soil,0.429,0.05,-0.83
56.2,soil,0.429,0.0,-0.83
56.24,soil,0.429,0.1,-0.83
56.29,soil,0.429,0.1,-0.83
56.4,soil,0.429,0.1,-0.82
56.4,soil,0.429,0.0,-0.81
56.49,soil,0.434,0.0,-0.81
56.49,soil,0.434,0.1,-0.81
56.59,soil,0.434,0.1,-0.81
56.61,soil,0.434,0.0,-0.8
56.69,soil,0.434,0.1,-0.8
56.79,soil,0.434,0.1,-0.8
56.79,soil,0.474,0.1,-0.79
56.81,soil,0.474,0.0,-0.79
56.89,soil,0.474,0.1,-0.79
57.0,soil,0.474,0.1,-0.79
57.03,soil,0.474,0.0,-0.77
57.09,soil,0.474,0.1,-0.77
57.19,soil,0.474,0.1,-0.77
57.19,soil,0.525,0.1,-0.76
57.23,soil,0.525,0.0,-0.76
57.29,soil,0.525,0.1,-0.76
57.39,soil,0.525,0.1,-0.76
57.45,soil,0.525,0.0,-0.75
57.49,soil,0.525,0.1,-0.74
57.59,soil,0.525,0.1,-0.74
57.64,soil,0.402,0.1,-0.73
57.65,soil,0.402,0.0,-0.73
57.69,soil,0.402,0.1,-0.73
57.79,soil,0.402,0.1,-0.73
57.85,soil,0.402,0.0,-0.72
57.9,soil,0.402,0.1,-0.71
58.0,soil,0.402,0.1,-0.71
58.03,sand,0.418,0.1,-0.7
58.07,sand,0.418,0.0,-0.7
58.1,sand,0.418,0.05,-0.69
58.19,sand,0.418,0.05,-0.69
58.3,sand,0.418,0.05,-0.69
58.3,sand,0.418,0.0,-0.68
58.39,sand,0.418,0.05,-0.68
58.44,sand,0.441,0.05,-0.68
58.49,sand,0.441,0.05,-0.68
58.51,sand,0.441,0.0,-0.68
58.61,sand,0.441,0.05,-0.68
58.7,sand,0.441,0.05,-0.68
58.75,sand,0.441,0.0,-0.67
58.79,sand,0.441,0.05,-0.67
58.9,sand,0.441,0.05,-0.67
58.98,sand,0.441,0.0,-0.66
58.99,sand,0.441,0.05,-0.66
59.09,sand,0.441,0.05,-0.66
59.09,sand,0.427,0.05,-0.66
59.19,sand,0.427,0.05,-0.66
59.21,sand,0.427,0.0,-0.65
59.29,sand,0.427,0.05,-0.65
59.39,sand,0.427,0.05,-0.65
59.42,sand,0.427,0.0,-0.64
59.5,sand,0.427,0.05,-0.64
59.64,sand,0.406,0.05,-0.64
59.67,sand,0.406,0.05,-0.64
59.71,sand,0.406,0.0,-0.63
59.74,sand,0.406,0.05,-0.63
59.8,sand,0.406,0.05,-0.63
59.88,sand,0.406,0.0,-0.63
59.92,sand,0.406,0.05,-0.63
59.96,soil,0.429,0.05,-0.63
60.03,soil,0.429,0.1,-0.62
60.08,soil,0.429,0.0,-0.62
60.09,soil,0.429,0.1,-0.61
60.19,soil,0.429,0.1,-0.61
60.29,soil,0.429,0.0,-0.6
60.29,soil,0.429,0.1,-0.59
60.32,sand,0.402,0.1,-0.59
60.39,sand,0.402,0.05,-0.59
60.49,sand,0.402,0.0,-0.58
60.49,sand,0.402,0.05,-0.58
60.59,sand,0.402,0.05,-0.58
60.68,soil,0.46,0.05,-0.57
60.7,soil,0.46,0.0,-0.57
60.73,soil,0.46,0.1,-0.57
60.79,soil,0.46,0.1,-0.57
60.89,soil,0.46,0.1,-0.56
60.92,soil,0.46,0.0,-0.55
60.99,soil,0.46,0.1,-0.55
61.0,soil,0.517,0.1,-0.55
61.09,soil,0.517,0.1,-0.55
61.12,soil,0.517,0.0,-0.54
61.19,soil,0.517,0.1,-0.54
61.29,soil,0.517,0.1,-0.54
61.34,soil,0.517,0.0,-0.53
61.37,soil,0.559,0.0,-0.52
61.39,soil,0.559,0.1,-0.52
61.49,soil,0.559,0.1,-0.52
61.55,soil,0.559,0.0,-0.51
61.59,soil,0.559,0.1,-0.51
61.69,soil,0.559,0.1,-0.51
61.77,soil,0.559,0.0,-0.5
61.79,soil,0.541,0.0,-0.49
61.79,soil,0.541,0.1,-0.49
61.89,soil,0.541,0.1,-0.49
61.97,soil,0.541,0.0,-0.48
61.99,soil,0.541,0.1,-0.47
62.09,soil,0.541,0.1,-0.47
62.13,soil,0.564,0.1,-0.46
62.19,soil,0.564,0.1,-0.46
62.19,soil,0.564,0.0,-0.45
62.29,soil,0.564,0.1,-0.45
62.4,soil,0.564,0.0,-0.45
62.4,soil,0.564,0.1,-0.44
62.47,soil,0.454,0.1,-0.44
62.49,soil,0.454,0.1,-0.43
62.59,soil,0.454,0.1,-0.43
62.59,soil,0.454,0.0,-0.42
62.69,soil,0.454,0.1,-0.42
62.79,soil,0.466,0.1,-0.42
62.79,soil,0.466,0.1,-0.41
62.81,soil,0.466,0.0,-0.41
62.89,soil,0.466,0.1,-0.41
62.99,soil,0.466,0.1,-0.41
63.0,soil,0.466,0.0,-0.4
63.09,soil,0.466,0.1,-0.4
63.12,soil,0.425,0.1,-0.4
63.19,soil,0.425,0.1,-0.39
63.21,soil,0.425,0.0,-0.39
63.29,soil,0.425,0.1,-0.39
63.38,uncertain,0.39,0.1,-0.39
63.43,uncertain,0.39,0.0,-0.38
63.5,uncertain,0.39,0.0,-0.37
63.6,uncertain,0.39,0.0,-0.37
63.63,uncertain,0.39,0.0,-0.37
63.7,uncertain,0.39,0.0,-0.37
63.77,uncertain,0.379,0.0,-0.37
63.81,uncertain,0.379,0.0,-0.37
63.85,uncertain,0.379,0.0,-0.37
63.89,uncertain,0.379,0.0,-0.37
63.99,uncertain,0.379,0.0,-0.37
64.05,uncertain,0.379,0.0,-0.37
64.07,uncertain,0.377,0.0,-0.37
64.09,uncertain,0.377,0.0,-0.37
64.19,uncertain,0.377,0.0,-0.37
64.25,uncertain,0.377,0.0,-0.37
64.29,uncertain,0.377,0.0,-0.37
64.35,uncertain,0.378,0.0,-0.37
64.39,uncertain,0.378,0.0,-0.37
64.46,uncertain,0.378,0.0,-0.37
64.49,uncertain,0.378,0.0,-0.37
64.59,uncertain,0.378,0.0,-0.37
64.66,uncertain,0.378,0.0,-0.37
64.66,uncertain,0.379,0.0,-0.37
64.72,uncertain,0.379,0.0,-0.37
64.79,uncertain,0.379,0.0,-0.37
64.86,uncertain,0.379,0.0,-0.37
64.89,uncertain,0.379,0.0,-0.37
64.99,uncertain,0.379,0.0,-0.37
65.01,uncertain,0.378,0.0,-0.37
65.07,uncertain,0.378,0.0,-0.37
65.09,uncertain,0.378,0.0,-0.37
65.2,uncertain,0.378,0.0,-0.37
65.27,uncertain,0.378,0.0,-0.37
65.28,uncertain,0.378,0.0,-0.37
65.29,uncertain,0.378,0.0,-0.37
65.39,uncertain,0.378,0.0,-0.37
65.48,uncertain,0.378,0.0,-0.37
65.49,uncertain,0.378,0.0,-0.37
65.6,uncertain,0.378,0.0,-0.37
65.7,uncertain,0.378,0.0,-0.37
65.7,uncertain,0.378,0.0,-0.37
65.72,uncertain,0.378,0.0,-0.37
65.79,uncertain,0.378,0.0,-0.37
65.9,uncertain,0.378,0.0,-0.37
65.91,uncertain,0.378,0.0,-0.37
65.99,uncertain,0.378,0.0,-0.37
66.09,uncertain,0.379,0.0,-0.37
66.09,uncertain,0.379,0.0,-0.37
66.12,uncertain,0.379,0.0,-0.37
66.19,uncertain,0.379,0.0,-0.37
66.29,uncertain,0.379,0.0,-0.37
66.33,uncertain,0.379,0.0,-0.37
66.39,uncertain,0.379,0.0,-0.37
66.42,uncertain,0.379,0.0,-0.37
66.49,uncertain,0.379,0.0,-0.37
66.53,uncertain,0.379,0.0,-0.37
66.59,uncertain,0.379,0.0,-0.37
66.69,uncertain,0.379,0.0,-0.37
66.74,uncertain,0.379,0.0,-0.37
66.78,uncertain,0.38,0.0,-0.37
66.79,uncertain,0.38,0.0,-0.37
66.89,uncertain,0.38,0.0,-0.37
66.95,uncertain,0.38,0.0,-0.37
66.99,uncertain,0.38,0.0,-0.37
67.09,uncertain,0.38,0.0,-0.37
67.11,uncertain,0.377,0.0,-0.37
67.15,uncertain,0.377,0.0,-0.37
67.19,uncertain,0.377,0.0,-0.37
67.29,uncertain,0.377,0.0,-0.37
67.36,uncertain,0.377,0.0,-0.37
67.39,uncertain,0.377,0.0,-0.37
67.44,uncertain,0.379,0.0,-0.37
67.49,uncertain,0.379,0.0,-0.37
67.56,uncertain,0.379,0.0,-0.37
67.59,uncertain,0.379,0.0,-0.37
67.7,uncertain,0.379,0.0,-0.37
67.79,uncertain,0.379,0.0,-0.37
67.79,uncertain,0.379,0.0,-0.37
67.79,uncertain,0.379,0.0,-0.37
67.89,uncertain,0.379,0.0,-0.37
67.99,uncertain,0.379,0.0,-0.37
68.0,uncertain,0.379,0.0,-0.37
68.09,uncertain,0.379,0.0,-0.37
68.09,uncertain,0.379,0.0,-0.37
68.18,uncertain,0.379,0.0,-0.37
68.19,uncertain,0.379,0.0,-0.37
68.29,uncertain,0.379,0.0,-0.37
68.39,uncertain,0.379,0.0,-0.37
68.39,uncertain,0.379,0.0,-0.37
68.43,uncertain,0.378,0.0,-0.37
68.49,uncertain,0.378,0.0,-0.37
68.59,uncertain,0.378,0.0,-0.37
68.59,uncertain,0.378,0.0,-0.37
68.69,uncertain,0.378,0.0,-0.37
68.7,uncertain,0.377,0.0,-0.37
68.79,uncertain,0.377,0.0,-0.37
68.8,uncertain,0.377,0.0,-0.37
68.89,uncertain,0.377,0.0,-0.37
68.99,uncertain,0.377,0.0,-0.37
69.01,uncertain,0.378,0.0,-0.37
69.01,uncertain,0.378,0.0,-0.37
69.09,uncertain,0.378,0.0,-0.37
69.19,uncertain,0.378,0.0,-0.37
69.22,uncertain,0.378,0.0,-0.37
69.29,uncertain,0.378,0.0,-0.37
69.32,uncertain,0.378,0.0,-0.37
69.39,uncertain,0.378,0.0,-0.37
69.42,uncertain,0.378,0.0,-0.37
69.49,uncertain,0.378,0.0,-0.37
69.59,uncertain,0.378,0.0,-0.37
69.63,uncertain,0.378,0.0,-0.37
69.67,uncertain,0.379,0.0,-0.37
69.7,uncertain,0.379,0.0,-0.37
69.79,uncertain,0.379,0.0,-0.37
69.83,uncertain,0.379,0.0,-0.37
69.9,uncertain,0.379,0.0,-0.37
69.99,uncertain,0.379,0.0,-0.37
70.06,uncertain,0.379,0.0,-0.37
70.09,uncertain,0.379,0.0,-0.37
70.09,uncertain,0.379,0.0,-0.37
70.19,uncertain,0.379,0.0,-0.37
70.26,uncertain,0.379,0.0,-0.37
70.29,uncertain,0.379,0.0,-0.37
70.39,uncertain,0.379,0.0,-0.37
70.44,uncertain,0.378,0.0,-0.37
70.48,uncertain,0.378,0.0,-0.37
70.49,uncertain,0.378,0.0,-0.37
70.59,uncertain,0.378,0.0,-0.37
70.69,uncertain,0.378,0.0,-0.37
70.69,uncertain,0.378,0.0,-0.37
70.75,uncertain,0.378,0.0,-0.37
70.79,uncertain,0.378,0.0,-0.37
70.89,uncertain,0.378,0.0,-0.37
70.89,uncertain,0.378,0.0,-0.37
70.99,uncertain,0.378,0.0,-0.37
71.08,uncertain,0.381,0.0,-0.37
71.09,uncertain,0.381,0.0,-0.37
71.09,uncertain,0.381,0.0,-0.37
71.19,uncertain,0.381,0.0,-0.37
71.29,uncertain,0.381,0.0,-0.37
71.29,uncertain,0.381,0.0,-0.37
71.39,uncertain,0.381,0.0,-0.37
71.41,uncertain,0.38,0.0,-0.37
71.49,uncertain,0.38,0.0,-0.37
71.49,uncertain,0.38,0.0,-0.37
71.59,uncertain,0.38,0.0,-0.37
71.69,uncertain,0.38,0.0,-0.37
71.7,uncertain,0.38,0.0,-0.37
71.76,uncertain,0.38,0.0,-0.37
71.79,uncertain,0.38,0.0,-0.37
71.89,uncertain,0.38,0.0,-0.37
71.9,uncertain,0.38,0.0,-0.37
71.99,uncertain,0.38,0.0,-0.37
72.08,uncertain,0.381,0.0,-0.37
72.09,uncertain,0.381,0.0,-0.37
72.11,uncertain,0.381,0.0,-0.37
72.19,uncertain,0.381,0.0,-0.37
72.29,uncertain,0.381,0.0,-0.37
72.31,uncertain,0.381,0.0,-0.37
72.39,uncertain,0.381,0.0,-0.37
72.51,uncertain,0.381,0.0,-0.37
72.54,uncertain,0.381,0.0,-0.37
72.56,uncertain,0.381,0.0,-0.37
72.59,uncertain,0.381,0.0,-0.37
72.69,uncertain,0.381,0.0,-0.37
72.78,uncertain,0.381,0.0,-0.37
72.79,uncertain,0.381,0.0,-0.37
72.9,uncertain,0.381,0.0,-0.37
72.99,uncertain,0.381,0.0,-0.37
73.08,uncertain,0.381,0.0,-0.37
73.09,uncertain,0.381,0.0,-0.37
73.13,uncertain,0.381,0.0,-0.37
73.19,uncertain,0.381,0.0,-0.37
73.29,uncertain,0.381,0.0,-0.37
73.29,uncertain,0.381,0.0,-0.37
73.41,uncertain,0.381,0.0,-0.37
73.49,uncertain,0.381,0.0,-0.37
73.53,uncertain,0.381,0.0,-0.37
73.61,uncertain,0.381,0.0,-0.37
73.62,uncertain,0.381,0.0,-0.37
73.7,uncertain,0.381,0.0,-0.37
73.74,uncertain,0.381,0.0,-0.37
73.79,uncertain,0.381,0.0,-0.37
73.89,uncertain,0.381,0.0,-0.37
73.95,uncertain,0.381,0.0,-0.37
73.99,uncertain,0.381,0.0,-0.37
74.03,uncertain,0.381,0.0,-0.37
74.09,uncertain,0.381,0.0,-0.37
74.17,uncertain,0.381,0.0,-0.37
74.19,uncertain,0.381,0.0,-0.37
74.3,uncertain,0.381,0.0,-0.37
74.4,uncertain,0.381,0.0,-0.37
74.4,uncertain,0.381,0.0,-0.37
74.44,uncertain,0.38,0.0,-0.37
74.49,uncertain,0.38,0.0,-0.37
74.59,uncertain,0.38,0.0,-0.37
74.6,uncertain,0.38,0.0,-0.37
74.69,uncertain,0.38,0.0,-0.37
74.79,uncertain,0.38,0.0,-0.37
74.82,uncertain,0.38,0.0,-0.37
74.88,uncertain,0.381,0.0,-0.37
74.89,uncertain,0.381,0.0,-0.37
74.99,uncertain,0.381,0.0,-0.37
75.03,uncertain,0.381,0.0,-0.37
75.09,uncertain,0.381,0.0,-0.37
75.19,uncertain,0.381,0.0,-0.37
75.22,uncertain,0.381,0.0,-0.37
75.24,uncertain,0.381,0.0,-0.37
75.3,uncertain,0.381,0.0,-0.37
75.39,uncertain,0.381,0.0,-0.37
75.44,uncertain,0.381,0.0,-0.37
75.49,uncertain,0.381,0.0,-0.37
75.59,uncertain,0.381,0.0,-0.37
75.59,uncertain,0.381,0.0,-0.37
75.65,uncertain,0.381,0.0,-0.37
75.69,uncertain,0.381,0.0,-0.37
75.79,uncertain,0.381,0.0,-0.37
75.86,uncertain,0.381,0.0,-0.37
75.89,uncertain,0.381,0.0,-0.37
75.96,uncertain,0.381,0.0,-0.37
75.99,uncertain,0.381,0.0,-0.37
76.06,uncertain,0.381,0.0,-0.37
76.09,uncertain,0.381,0.0,-0.37
76.19,uncertain,0.381,0.0,-0.37
76.27,uncertain,0.381,0.0,-0.37
76.29,uncertain,0.381,0.0,-0.37
76.3,uncertain,0.381,0.0,-0.37
76.39,uncertain,0.381,0.0,-0.37
76.48,uncertain,0.381,0.0,-0.37
76.49,uncertain,0.381,0.0,-0.37
76.59,uncertain,0.381,0.0,-0.37
76.69,uncertain,0.381,0.0,-0.37
76.7,uncertain,0.381,0.0,-0.37
76.74,uncertain,0.381,0.0,-0.37
76.79,uncertain,0.381,0.0,-0.37
76.89,uncertain,0.381,0.0,-0.37
76.91,uncertain,0.381,0.0,-0.37
76.99,uncertain,0.381,0.0,-0.37
77.08,uncertain,0.38,0.0,-0.37
77.09,uncertain,0.38,0.0,-0.37
77.11,uncertain,0.38,0.0,-0.37
77.19,uncertain,0.38,0.0,-0.37
77.29,uncertain,0.38,0.0,-0.37
77.32,uncertain,0.38,0.0,-0.37
77.39,uncertain,0.38,0.0,-0.37
77.43,uncertain,0.381,0.0,-0.37
77.49,uncertain,0.381,0.0,-0.37
77.53,uncertain,0.381,0.0,-0.37
77.59,uncertain,0.381,0.0,-0.37
77.69,uncertain,0.381,0.0,-0.37
77.73,uncertain,0.38,0.0,-0.37
77.73,uncertain,0.38,0.0,-0.37
77.79,uncertain,0.38,0.0,-0.37
77.89,uncertain,0.38,0.0,-0.37
77.94,uncertain,0.38,0.0,-0.37
77.99,uncertain,0.38,0.0,-0.37
78.07,uncertain,0.38,0.0,-0.37
78.09,uncertain,0.38,0.0,-0.37
78.14,uncertain,0.38,0.0,-0.37
78.19,uncertain,0.38,0.0,-0.37
78.29,uncertain,0.38,0.0,-0.37
78.34,uncertain,0.38,0.0,-0.37
78.37,uncertain,0.38,0.0,-0.37
78.39,uncertain,0.38,0.0,-0.37
78.49,uncertain,0.38,0.0,-0.37
78.55,uncertain,0.38,0.0,-0.37
78.59,uncertain,0.38,0.0,-0.37
78.69,uncertain,0.38,0.0,-0.37
78.72,uncertain,0.381,0.0,-0.37
78.76,uncertain,0.381,0.0,-0.37
78.79,uncertain,0.381,0.0,-0.37
78.89,uncertain,0.381,0.0,-0.37
78.97,uncertain,0.381,0.0,-0.37
78.99,uncertain,0.381,0.0,-0.37
79.0,uncertain,0.38,0.0,-0.37
79.09,uncertain,0.38,0.0,-0.37
79.17,uncertain,0.38,0.0,-0.37
79.19,uncertain,0.38,0.0,-0.37
79.29,uncertain,0.38,0.0,-0.37
79.32,uncertain,0.381,0.0,-0.37
79.37,uncertain,0.381,0.0,-0.37
79.39,uncertain,0.381,0.0,-0.37
79.49,uncertain,0.381,0.0,-0.37
79.59,uncertain,0.381,0.0,-0.37
79.61,uncertain,0.381,0.0,-0.37
79.65,uncertain,0.382,0.0,-0.37
79.69,uncertain,0.382,0.0,-0.37
79.79,uncertain,0.382,0.0,-0.37
79.82,uncertain,0.382,0.0,-0.37
79.89,uncertain,0.382,0.0,-0.37
79.95,uncertain,0.382,0.0,-0.37
79.99,uncertain,0.382,0.0,-0.37
80.02,uncertain,0.382,0.0,-0.37
80.09,uncertain,0.382,0.0,-0.37
80.19,uncertain,0.382,0.0,-0.37
80.2,uncertain,0.382,0.0,-0.37
80.26,uncertain,0.381,0.0,-0.37
80.29,uncertain,0.381,0.0,-0.37
80.39,uncertain,0.381,0.0,-0.37
80.4,uncertain,0.381,0.0,-0.37
80.49,uncertain,0.381,0.0,-0.37
80.59,uncertain,0.381,0.0,-0.37
80.62,uncertain,0.381,0.0,-0.37
80.62,uncertain,0.38,0.0,-0.37
80.69,uncertain,0.38,0.0,-0.37
80.8,uncertain,0.38,0.0,-0.37
80.84,uncertain,0.38,0.0,-0.37
80.89,uncertain,0.38,0.0,-0.37
81.0,uncertain,0.38,0.0,-0.37
81.06,uncertain,0.38,0.0,-0.37
81.08,uncertain,0.381,0.0,-0.37
81.09,uncertain,0.381,0.0,-0.37
81.19,uncertain,0.381,0.0,-0.37
81.25,uncertain,0.381,0.0,-0.37
81.29,uncertain,0.381,0.0,-0.37
81.39,uncertain,0.381,0.0,-0.37
81.42,uncertain,0.382,0.0,-0.37
81.47,uncertain,0.382,0.0,-0.37
81.49,uncertain,0.382,0.0,-0.37
81.59,uncertain,0.382,0.0,-0.37
81.67,uncertain,0.382,0.0,-0.37
81.7,uncertain,0.382,0.0,-0.37
81.79,uncertain,0.382,0.0,-0.37
81.82,uncertain,0.382,0.0,-0.37
81.89,uncertain,0.382,0.0,-0.37
81.92,uncertain,0.382,0.0,-0.37
81.99,uncertain,0.382,0.0,-0.37
82.09,uncertain,0.382,0.0,-0.37
82.14,uncertain,0.382,0.0,-0.37
82.15,uncertain,0.38,0.0,-0.37
82.19,uncertain,0.38,0.0,-0.37
82.29,uncertain,0.38,0.0,-0.37
82.37,uncertain,0.38,0.0,-0.37
82.39,uncertain,0.38,0.0,-0.37
82.49,uncertain,0.38,0.0,-0.37
82.51,uncertain,0.383,0.0,-0.37
82.56,uncertain,0.383,0.0,-0.37
82.59,uncertain,0.383,0.0,-0.37
82.69,uncertain,0.383,0.0,-0.37
82.76,uncertain,0.383,0.0,-0.37
82.79,uncertain,0.383,0.0,-0.37
82.89,uncertain,0.383,0.0,-0.37
82.92,uncertain,0.381,0.0,-0.37
82.99,uncertain,0.381,0.0,-0.37
82.99,uncertain,0.381,0.0,-0.37
83.1,uncertain,0.381,0.0,-0.37
83.19,uncertain,0.381,0.0,-0.37
83.2,uncertain,0.381,0.0,-0.37
83.28,uncertain,0.381,0.0,-0.37
83.29,uncertain,0.381,0.0,-0.37
83.39,uncertain,0.381,0.0,-0.37
83.4,uncertain,0.381,0.0,-0.37
83.49,uncertain,0.381,0.0,-0.37
83.59,uncertain,0.381,0.0,-0.37
83.61,uncertain,0.381,0.0,-0.37
83.65,uncertain,0.381,0.0,-0.37
83.7,uncertain,0.381,0.0,-0.37
83.79,uncertain,0.381,0.0,-0.37
83.81,uncertain,0.381,0.0,-0.37
83.89,uncertain,0.381,0.0,-0.37
83.99,uncertain,0.381,0.0,-0.37
83.99,uncertain,0.382,0.0,-0.37
84.02,uncertain,0.382,0.0,-0.37
84.09,uncertain,0.382,0.0,-0.37
84.19,uncertain,0.382,0.0,-0.37
84.23,uncertain,0.382,0.0,-0.37
84.29,uncertain,0.382,0.0,-0.37
84.35,uncertain,0.382,0.0,-0.37
84.39,uncertain,0.382,0.0,-0.37
84.43,uncertain,0.382,0.0,-0.37
84.49,uncertain,0.382,0.0,-0.37
84.6,uncertain,0.382,0.0,-0.37
84.64,uncertain,0.382,0.0,-0.37
84.69,uncertain,0.382,0.0,-0.37
84.71,uncertain,0.381,0.0,-0.37
84.79,uncertain,0.381,0.0,-0.37
84.84,uncertain,0.381,0.0,-0.37
84.89,uncertain,0.381,0.0,-0.37
84.99,uncertain,0.381,0.0,-0.37
85.05,uncertain,0.381,0.0,-0.37
85.06,uncertain,0.381,0.0,-0.37
85.09,uncertain,0.381,0.0,-0.37
85.19,uncertain,0.381,0.0,-0.37
85.25,uncertain,0.381,0.0,-0.37
85.29,uncertain,0.381,0.0,-0.37
85.39,uncertain,0.381,0.0,-0.37
85.4,uncertain,0.382,0.0,-0.37
85.46,uncertain,0.382,0.0,-0.37
85.49,uncertain,0.382,0.0,-0.37
85.6,uncertain,0.382,0.0,-0.37
85.67,uncertain,0.382,0.0,-0.37
85.69,uncertain,0.382,0.0,-0.37
85.75,uncertain,0.384,0.0,-0.37
85.79,uncertain,0.384,0.0,-0.37
85.88,uncertain,0.384,0.0,-0.37
85.89,uncertain,0.384,0.0,-0.37
86.0,uncertain,0.384,0.0,-0.37
86.08,uncertain,0.384,0.0,-0.37
86.09,uncertain,0.383,0.0,-0.37
86.09,uncertain,0.383,0.0,-0.37
86.19,uncertain,0.383,0.0,-0.37
86.29,uncertain,0.383,0.0,-0.37
86.3,uncertain,0.383,0.0,-0.37
86.39,uncertain,0.383,0.0,-0.37
86.49,uncertain,0.383,0.0,-0.37
86.51,uncertain,0.383,0.0,-0.37
86.59,uncertain,0.384,0.0,-0.37
86.59,uncertain,0.384,0.0,-0.37
86.69,uncertain,0.384,0.0,-0.37
86.71,uncertain,0.384,0.0,-0.37
86.79,uncertain,0.384,0.0,-0.37
86.89,uncertain,0.384,0.0,-0.37
86.92,uncertain,0.384,0.0,-0.37
86.93,uncertain,0.383,0.0,-0.37
86.99,uncertain,0.383,0.0,-0.37
87.09,uncertain,0.383,0.0,-0.37
87.13,uncertain,0.383,0.0,-0.37
87.19,uncertain,0.383,0.0,-0.37
87.29,uncertain,0.383,0.0,-0.37
87.38,uncertain,0.383,0.0,-0.37
87.39,uncertain,0.383,0.0,-0.37
87.41,uncertain,0.382,0.0,-0.37
87.49,uncertain,0.382,0.0,-0.37
87.58,uncertain,0.382,0.0,-0.37
87.59,uncertain,0.382,0.0,-0.37
87.69,uncertain,0.382,0.0,-0.37
87.78,uncertain,0.383,0.0,-0.37
87.79,uncertain,0.383,0.0,-0.37
87.79,uncertain,0.383,0.0,-0.37
87.89,uncertain,0.383,0.0,-0.37
88.0,uncertain,0.383,0.0,-0.37
88.0,uncertain,0.383,0.0,-0.37
88.09,uncertain,0.383,0.0,-0.37
88.17,uncertain,0.383,0.0,-0.37
88.19,uncertain,0.383,0.0,-0.37
88.2,uncertain,0.383,0.0,-0.37
88.29,uncertain,0.383,0.0,-0.37
88.39,uncertain,0.383,0.0,-0.37
88.41,uncertain,0.383,0.0,-0.37
88.49,uncertain,0.383,0.0,-0.37
88.53,uncertain,0.384,0.0,-0.37
88.59,uncertain,0.384,0.0,-0.37
88.61,uncertain,0.384,0.0,-0.37
88.69,uncertain,0.384,0.0,-0.37
88.8,uncertain,0.384,0.0,-0.37
88.83,uncertain,0.384,0.0,-0.37
88.89,uncertain,0.384,0.0,-0.37
88.9,uncertain,0.384,0.0,-0.37
88.99,uncertain,0.384,0.0,-0.37
89.03,uncertain,0.384,0.0,-0.37
89.09,uncertain,0.384,0.0,-0.37
89.19,uncertain,0.384,0.0,-0.37
89.24,uncertain,0.382,0.0,-0.37
89.25,uncertain,0.382,0.0,-0.37
89.29,uncertain,0.382,0.0,-0.37
89.39,uncertain,0.382,0.0,-0.37
89.47,uncertain,0.382,0.0,-0.37
89.52,uncertain,0.382,0.0,-0.37
89.59,uncertain,0.382,0.0,-0.37
89.69,uncertain,0.382,0.0,-0.37
89.72,uncertain,0.382,0.0,-0.37
89.74,uncertain,0.382,0.0,-0.37
89.79,uncertain,0.382,0.0,-0.37
89.89,uncertain,0.382,0.0,-0.37
89.93,uncertain,0.382,0.0,-0.37
89.99,uncertain,0.382,0.0,-0.37
