elapsed_s,terrain,confidence,traversability_score,speed_ms,x_est
0.0,sand,0.947,0.4736,0.0,-3.0
0.1,sand,0.947,0.4736,0.0,-3.0
0.17,sand,0.947,0.4736,0.0,-3.0
0.24,sand,0.947,0.4736,0.0526,-3.0
0.35,sand,0.947,0.4736,0.0526,-3.0
0.35,sand,0.947,0.4736,0.0526,-2.99
0.44,sand,0.947,0.4736,0.0526,-2.99
0.44,sand,0.947,0.4736,0.0526,-2.99
0.54,sand,0.947,0.4736,0.0526,-2.99
0.56,sand,0.947,0.4736,0.0526,-2.98
0.64,sand,0.947,0.4736,0.0526,-2.98
0.66,sand,0.947,0.4736,0.0526,-2.98
0.66,sand,0.947,0.4736,0.0526,-2.98
0.74,sand,0.947,0.4736,0.0526,-2.98
0.84,sand,0.947,0.4736,0.0526,-2.97
0.85,sand,0.947,0.4736,0.0526,-2.97
0.94,sand,0.947,0.4736,0.0526,-2.97
0.94,sand,0.947,0.4736,0.0526,-2.96
1.04,sand,0.947,0.4736,0.0526,-2.96
1.04,sand,0.947,0.4736,0.0526,-2.96
1.14,sand,0.947,0.4736,0.0526,-2.96
1.14,sand,0.947,0.4736,0.0526,-2.95
1.24,sand,0.947,0.4736,0.0526,-2.95
1.24,sand,0.947,0.4736,0.0526,-2.95
1.29,sand,0.95,0.4736,0.0526,-2.95
1.3,sand,0.95,0.4754,0.0526,-2.94
1.34,sand,0.95,0.4754,0.0526,-2.94
1.44,sand,0.95,0.4754,0.0526,-2.94
1.44,sand,0.95,0.4754,0.0526,-2.94
1.54,sand,0.95,0.4754,0.0526,-2.94
1.54,sand,0.95,0.4754,0.0526,-2.93
1.64,sand,0.95,0.4754,0.0526,-2.93
1.64,sand,0.95,0.4754,0.0526,-2.93
1.75,sand,0.95,0.4754,0.0526,-2.93
1.75,sand,0.95,0.4754,0.0526,-2.92
1.84,sand,0.95,0.4754,0.0526,-2.92
1.84,sand,0.95,0.4754,0.0526,-2.92
1.96,sand,0.967,0.4754,0.0526,-2.92
1.96,sand,0.967,0.484,0.0526,-2.91
1.96,sand,0.967,0.484,0.0526,-2.91
1.96,sand,0.967,0.484,0.0526,-2.91
2.04,sand,0.967,0.484,0.0523,-2.91
2.14,sand,0.967,0.484,0.0523,-2.91
2.14,sand,0.967,0.484,0.0523,-2.9
2.24,sand,0.967,0.484,0.0523,-2.9
2.24,sand,0.967,0.484,0.0523,-2.89
2.34,sand,0.967,0.484,0.0523,-2.89
2.34,sand,0.967,0.484,0.0523,-2.89
2.44,sand,0.967,0.484,0.0523,-2.89
2.44,sand,0.967,0.484,0.0523,-2.88
2.49,sand,0.967,0.484,0.0523,-2.88
2.49,sand,0.967,0.4838,0.0523,-2.88
2.54,sand,0.967,0.4838,0.0521,-2.88
2.64,sand,0.967,0.4838,0.0521,-2.88
2.64,sand,0.967,0.4838,0.0521,-2.87
2.74,sand,0.967,0.4838,0.0521,-2.87
2.74,sand,0.967,0.4838,0.0521,-2.87
2.84,sand,0.967,0.4838,0.0521,-2.87
2.84,sand,0.967,0.4838,0.0521,-2.86
2.94,sand,0.967,0.4838,0.0521,-2.86
2.94,sand,0.967,0.4838,0.0521,-2.86
3.04,sand,0.967,0.4838,0.0521,-2.86
3.04,sand,0.967,0.4838,0.0521,-2.85
3.07,sand,0.966,0.4838,0.0521,-2.85
3.08,sand,0.966,0.4834,0.0521,-2.85
3.14,sand,0.966,0.4834,0.0518,-2.85
3.24,sand,0.966,0.4834,0.0518,-2.85
3.24,sand,0.966,0.4834,0.0518,-2.84
3.34,sand,0.966,0.4834,0.0518,-2.84
3.34,sand,0.966,0.4834,0.0518,-2.84
3.45,sand,0.966,0.4834,0.0518,-2.84
3.45,sand,0.966,0.4834,0.0518,-2.83
3.54,sand,0.966,0.4834,0.0518,-2.83
3.64,sand,0.966,0.4834,0.0518,-2.83
3.64,sand,0.966,0.4834,0.0518,-2.82
3.65,sand,0.966,0.4834,0.0518,-2.82
3.65,sand,0.966,0.483,0.0518,-2.82
3.74,sand,0.966,0.483,0.0516,-2.82
3.84,sand,0.966,0.483,0.0516,-2.82
3.84,sand,0.966,0.483,0.0516,-2.81
3.94,sand,0.966,0.483,0.0516,-2.81
3.94,sand,0.966,0.483,0.0516,-2.81
4.04,sand,0.966,0.483,0.0516,-2.81
4.04,sand,0.966,0.483,0.0516,-2.8
4.14,sand,0.966,0.483,0.0516,-2.8
4.14,sand,0.966,0.483,0.0516,-2.8
4.16,sand,0.984,0.483,0.0516,-2.8
4.16,sand,0.984,0.4924,0.0516,-2.8
4.24,sand,0.984,0.4924,0.0514,-2.8
4.34,sand,0.984,0.4924,0.0514,-2.79
4.34,sand,0.984,0.4924,0.0514,-2.79
4.45,sand,0.984,0.4924,0.0514,-2.79
4.45,sand,0.984,0.4924,0.0514,-2.78
4.54,sand,0.984,0.4924,0.0514,-2.78
4.64,sand,0.984,0.4924,0.0514,-2.78
4.64,sand,0.984,0.4924,0.0514,-2.77
4.74,sand,0.984,0.4924,0.0514,-2.77
4.74,sand,0.984,0.4924,0.0514,-2.77
4.8,sand,0.975,0.4924,0.0514,-2.77
4.8,sand,0.975,0.4874,0.0514,-2.76
4.84,sand,0.975,0.4874,0.0513,-2.76
4.94,sand,0.975,0.4874,0.0513,-2.76
4.94,sand,0.975,0.4874,0.0513,-2.76
5.04,sand,0.975,0.4874,0.0513,-2.76
5.04,sand,0.975,0.4874,0.0513,-2.75
5.14,sand,0.975,0.4874,0.0513,-2.75
5.14,sand,0.975,0.4874,0.0513,-2.74
5.24,sand,0.975,0.4874,0.0513,-2.74
5.24,sand,0.975,0.4874,0.0513,-2.74
5.34,sand,0.975,0.4874,0.0513,-2.74
5.34,sand,0.975,0.4874,0.0513,-2.73
5.36,sand,0.987,0.4874,0.0513,-2.73
5.36,sand,0.987,0.4935,0.0513,-2.73
5.44,sand,0.987,0.4935,0.0511,-2.73
5.55,sand,0.987,0.4935,0.0511,-2.73
5.55,sand,0.987,0.4935,0.0511,-2.72
5.64,sand,0.987,0.4935,0.0511,-2.72
5.75,sand,0.987,0.4935,0.0511,-2.72
5.75,sand,0.987,0.4935,0.0511,-2.71
5.84,sand,0.987,0.4935,0.0511,-2.71
5.84,sand,0.987,0.4935,0.0511,-2.71
5.95,sand,0.987,0.4935,0.0511,-2.71
5.95,sand,0.987,0.4935,0.0511,-2.7
6.04,sand,0.987,0.4935,0.0511,-2.7
6.04,sand,0.987,0.4935,0.0511,-2.7
6.05,sand,0.984,0.4935,0.0511,-2.7
6.06,sand,0.984,0.4921,0.0511,-2.7
6.15,sand,0.984,0.4921,0.0509,-2.7
6.24,sand,0.984,0.4921,0.0509,-2.69
6.34,sand,0.984,0.4921,0.0509,-2.69
6.35,sand,0.984,0.4921,0.0509,-2.68
6.44,sand,0.984,0.4921,0.0509,-2.68
6.44,sand,0.984,0.4921,0.0509,-2.68
6.54,sand,0.984,0.4921,0.0509,-2.68
6.54,sand,0.984,0.4921,0.0509,-2.67
6.64,sand,0.984,0.4921,0.0509,-2.67
6.64,sand,0.984,0.4921,0.0509,-2.67
6.74,sand,0.984,0.4921,0.0509,-2.67
6.74,sand,0.984,0.4921,0.0509,-2.66
6.75,sand,0.992,0.4921,0.0509,-2.66
6.75,sand,0.992,0.4961,0.0509,-2.66
6.84,sand,0.992,0.4961,0.0508,-2.66
6.94,sand,0.992,0.4961,0.0508,-2.66
6.94,sand,0.992,0.4961,0.0508,-2.65
7.04,sand,0.992,0.4961,0.0508,-2.65
7.04,sand,0.992,0.4961,0.0508,-2.65
7.15,sand,0.992,0.4961,0.0508,-2.65
7.16,sand,0.992,0.4961,0.0508,-2.64
7.24,sand,0.992,0.4961,0.0508,-2.64
7.32,sand,0.986,0.4961,0.0508,-2.64
7.32,sand,0.986,0.4932,0.0508,-2.63
7.34,sand,0.986,0.4932,0.0506,-2.63
7.44,sand,0.986,0.4932,0.0506,-2.63
7.44,sand,0.986,0.4932,0.0506,-2.63
7.54,sand,0.986,0.4932,0.0506,-2.63
7.54,sand,0.986,0.4932,0.0506,-2.62
7.65,sand,0.986,0.4932,0.0506,-2.62
7.67,sand,0.986,0.4932,0.0506,-2.62
7.74,sand,0.986,0.4932,0.0506,-2.62
7.84,sand,0.986,0.4932,0.0506,-2.61
7.84,sand,0.986,0.4932,0.0506,-2.61
7.91,sand,0.976,0.4932,0.0506,-2.61
7.91,sand,0.976,0.4882,0.0506,-2.6
7.94,sand,0.976,0.4882,0.0508,-2.6
8.04,sand,0.976,0.4882,0.0508,-2.6
8.05,sand,0.976,0.4882,0.0508,-2.6
8.14,sand,0.976,0.4882,0.0508,-2.6
8.24,sand,0.976,0.4882,0.0508,-2.59
8.24,sand,0.976,0.4882,0.0508,-2.59
8.34,sand,0.976,0.4882,0.0508,-2.59
8.34,sand,0.976,0.4882,0.0508,-2.58
8.44,sand,0.976,0.4882,0.0508,-2.58
8.44,sand,0.976,0.4882,0.0508,-2.58
8.57,sand,0.968,0.4882,0.0508,-2.58
8.57,sand,0.968,0.4882,0.0508,-2.57
8.57,sand,0.968,0.4841,0.0508,-2.57
8.57,sand,0.968,0.4841,0.0508,-2.57
8.64,sand,0.968,0.4841,0.051,-2.57
8.74,sand,0.968,0.4841,0.051,-2.57
8.74,sand,0.968,0.4841,0.051,-2.56
8.84,sand,0.968,0.4841,0.051,-2.56
8.84,sand,0.968,0.4841,0.051,-2.56
8.95,sand,0.968,0.4841,0.051,-2.56
8.95,sand,0.968,0.4841,0.051,-2.55
9.05,sand,0.968,0.4841,0.051,-2.55
9.05,sand,0.968,0.4841,0.051,-2.55
9.13,sand,0.983,0.4841,0.051,-2.55
9.14,sand,0.983,0.4914,0.051,-2.54
9.15,sand,0.983,0.4914,0.0511,-2.54
9.24,sand,0.983,0.4914,0.0511,-2.54
9.35,sand,0.983,0.4914,0.0511,-2.54
9.35,sand,0.983,0.4914,0.0511,-2.53
9.44,sand,0.983,0.4914,0.0511,-2.53
9.44,sand,0.983,0.4914,0.0511,-2.53
9.54,sand,0.983,0.4914,0.0511,-2.53
9.54,sand,0.983,0.4914,0.0511,-2.52
9.64,sand,0.983,0.4914,0.0511,-2.52
9.64,sand,0.983,0.4914,0.0511,-2.52
9.73,sand,0.945,0.4914,0.0511,-2.52
9.73,sand,0.945,0.4729,0.0511,-2.51
9.78,sand,0.945,0.4729,0.0516,-2.51
9.85,sand,0.945,0.4729,0.0516,-2.51
9.94,sand,0.945,0.4729,0.0516,-2.5
9.94,sand,0.945,0.4729,0.0516,-2.5
10.05,sand,0.945,0.4729,0.0516,-2.5
10.07,sand,0.945,0.4729,0.0516,-2.49
10.14,sand,0.945,0.4729,0.0516,-2.49
10.24,sand,0.945,0.4729,0.0516,-2.49
10.25,sand,0.945,0.4729,0.0516,-2.48
10.34,sand,0.945,0.4729,0.0516,-2.48
10.34,sand,0.945,0.4729,0.0516,-2.48
10.38,sand,0.914,0.4729,0.0516,-2.48
10.38,sand,0.914,0.4574,0.0516,-2.48
10.44,sand,0.914,0.4574,0.0524,-2.48
10.54,sand,0.914,0.4574,0.0524,-2.47
10.54,sand,0.914,0.4574,0.0524,-2.47
10.64,sand,0.914,0.4574,0.0524,-2.47
10.64,sand,0.914,0.4574,0.0524,-2.46
10.75,sand,0.914,0.4574,0.0524,-2.46
10.75,sand,0.914,0.4574,0.0524,-2.46
10.84,sand,0.914,0.4574,0.0524,-2.46
10.84,sand,0.914,0.4574,0.0524,-2.45
10.94,sand,0.914,0.4574,0.0524,-2.45
10.94,sand,0.914,0.4574,0.0524,-2.45
11.03,sand,0.961,0.4574,0.0524,-2.45
11.03,sand,0.961,0.481,0.0524,-2.44
11.04,sand,0.961,0.481,0.0524,-2.44
11.14,sand,0.961,0.481,0.0524,-2.44
11.14,sand,0.961,0.481,0.0524,-2.44
11.24,sand,0.961,0.481,0.0524,-2.44
11.25,sand,0.961,0.481,0.0524,-2.43
11.35,sand,0.961,0.481,0.0524,-2.43
11.35,sand,0.961,0.481,0.0524,-2.43
11.44,sand,0.961,0.481,0.0524,-2.43
11.54,sand,0.961,0.481,0.0524,-2.42
11.54,sand,0.961,0.481,0.0524,-2.42
11.62,sand,0.952,0.481,0.0524,-2.42
11.62,sand,0.952,0.4765,0.0524,-2.41
11.64,sand,0.952,0.4765,0.0528,-2.41
11.74,sand,0.952,0.4765,0.0528,-2.41
11.75,sand,0.952,0.4765,0.0528,-2.41
11.85,sand,0.952,0.4765,0.0528,-2.41
11.85,sand,0.952,0.4765,0.0528,-2.4
11.94,sand,0.952,0.4765,0.0528,-2.4
12.04,sand,0.952,0.4765,0.0528,-2.4
12.04,sand,0.952,0.4765,0.0528,-2.39
12.14,sand,0.952,0.4765,0.0528,-2.39
12.14,sand,0.952,0.4765,0.0528,-2.39
12.25,sand,0.952,0.4765,0.0528,-2.39
12.25,sand,0.952,0.4765,0.0528,-2.38
12.34,sand,0.952,0.4765,0.0528,-2.38
12.34,sand,0.952,0.4765,0.0528,-2.37
12.4,sand,0.954,0.4765,0.0528,-2.37
12.4,sand,0.954,0.4773,0.0528,-2.37
12.45,sand,0.954,0.4773,0.0527,-2.37
12.55,sand,0.954,0.4773,0.0527,-2.37
12.55,sand,0.954,0.4773,0.0527,-2.36
12.64,sand,0.954,0.4773,0.0527,-2.36
12.64,sand,0.954,0.4773,0.0527,-2.36
12.74,sand,0.954,0.4773,0.0527,-2.36
12.74,sand,0.954,0.4773,0.0527,-2.35
12.84,sand,0.954,0.4773,0.0527,-2.35
12.87,sand,0.954,0.4773,0.0527,-2.35
12.97,sand,0.954,0.4773,0.0527,-2.35
12.98,sand,0.954,0.4773,0.0527,-2.34
13.05,sand,0.954,0.4773,0.0527,-2.34
13.06,sand,0.972,0.4773,0.0527,-2.34
13.07,sand,0.972,0.4861,0.0527,-2.34
13.14,sand,0.972,0.4861,0.052,-2.34
13.25,sand,0.972,0.4861,0.052,-2.33
13.25,sand,0.972,0.4861,0.052,-2.33
13.34,sand,0.972,0.4861,0.052,-2.33
13.44,sand,0.972,0.4861,0.052,-2.32
13.44,sand,0.972,0.4861,0.052,-2.32
13.54,sand,0.972,0.4861,0.052,-2.32
13.54,sand,0.972,0.4861,0.052,-2.31
13.64,sand,0.972,0.4861,0.052,-2.31
13.64,sand,0.972,0.4861,0.052,-2.31
13.67,sand,0.972,0.4861,0.052,-2.31
13.68,sand,0.972,0.4861,0.052,-2.3
13.74,sand,0.972,0.4861,0.0518,-2.3
13.84,sand,0.972,0.4861,0.0518,-2.3
13.84,sand,0.972,0.4861,0.0518,-2.3
13.94,sand,0.972,0.4861,0.0518,-2.3
13.94,sand,0.972,0.4861,0.0518,-2.29
14.04,sand,0.972,0.4861,0.0518,-2.29
14.04,sand,0.972,0.4861,0.0518,-2.29
14.14,sand,0.972,0.4861,0.0518,-2.29
14.14,sand,0.972,0.4861,0.0518,-2.28
14.17,sand,0.962,0.4861,0.0518,-2.28
14.17,sand,0.962,0.4815,0.0518,-2.28
14.24,sand,0.962,0.4815,0.0517,-2.28
14.34,sand,0.962,0.4815,0.0517,-2.28
14.34,sand,0.962,0.4815,0.0517,-2.27
14.44,sand,0.962,0.4815,0.0517,-2.27
14.44,sand,0.962,0.4815,0.0517,-2.26
14.54,sand,0.962,0.4815,0.0517,-2.26
14.55,sand,0.962,0.4815,0.0517,-2.26
14.66,sand,0.962,0.4815,0.0517,-2.26
14.66,sand,0.962,0.4815,0.0517,-2.25
14.75,sand,0.962,0.4815,0.0517,-2.25
14.76,sand,0.924,0.4815,0.0517,-2.25
14.76,sand,0.924,0.4624,0.0517,-2.25
14.84,sand,0.924,0.4624,0.0521,-2.25
14.94,sand,0.924,0.4624,0.0521,-2.24
14.94,sand,0.924,0.4624,0.0521,-2.24
15.04,sand,0.924,0.4624,0.0521,-2.24
15.04,sand,0.924,0.4624,0.0521,-2.23
15.15,sand,0.924,0.4624,0.0521,-2.23
15.15,sand,0.924,0.4624,0.0521,-2.23
15.24,sand,0.924,0.4624,0.0521,-2.23
15.24,sand,0.924,0.4624,0.0521,-2.22
15.34,sand,0.944,0.4624,0.0521,-2.22
15.34,sand,0.944,0.4725,0.0521,-2.22
15.35,sand,0.944,0.4725,0.0521,-2.22
15.35,sand,0.944,0.4725,0.0521,-2.22
15.44,sand,0.944,0.4725,0.0524,-2.22
15.44,sand,0.944,0.4725,0.0524,-2.21
15.56,sand,0.944,0.4725,0.0524,-2.21
15.56,sand,0.944,0.4725,0.0524,-2.21
15.64,sand,0.944,0.4725,0.0524,-2.21
15.74,sand,0.944,0.4725,0.0524,-2.2
15.74,sand,0.944,0.4725,0.0524,-2.2
15.85,sand,0.944,0.4725,0.0524,-2.2
15.85,sand,0.944,0.4725,0.0524,-2.19
15.94,sand,0.944,0.4725,0.0524,-2.19
16.04,sand,0.944,0.4725,0.0524,-2.19
16.05,sand,0.944,0.4725,0.0524,-2.18
16.08,sand,0.946,0.4725,0.0524,-2.18
16.09,sand,0.946,0.4731,0.0524,-2.18
16.14,sand,0.946,0.4731,0.0528,-2.18
16.24,sand,0.946,0.4731,0.0528,-2.18
16.24,sand,0.946,0.4731,0.0528,-2.17
16.34,sand,0.946,0.4731,0.0528,-2.17
16.34,sand,0.946,0.4731,0.0528,-2.17
16.44,sand,0.946,0.4731,0.0528,-2.17
16.44,sand,0.946,0.4731,0.0528,-2.16
16.55,sand,0.946,0.4731,0.0528,-2.16
16.56,sand,0.946,0.4731,0.0528,-2.15
16.64,sand,0.946,0.4731,0.0528,-2.15
16.74,sand,0.946,0.4731,0.0528,-2.15
16.74,sand,0.946,0.4731,0.0528,-2.14
16.85,sand,0.946,0.4731,0.0528,-2.14
16.85,sand,0.946,0.4731,0.0528,-2.14
16.94,sand,0.946,0.4731,0.0528,-2.14
16.95,sand,0.939,0.4731,0.0528,-2.13
16.95,sand,0.939,0.4699,0.0528,-2.13
17.04,sand,0.939,0.4699,0.0531,-2.13
18.35,sand,0.939,0.4699,0.0531,-2.13
18.35,sand,0.939,0.4699,0.0531,-2.06
20.12,sand,0.939,0.4699,0.0531,-2.06
20.22,sand,0.939,0.4699,0.0531,-1.97
20.23,sand,0.939,0.4699,0.0,-1.96
20.24,sand,0.939,0.4699,0.0,-1.96
20.35,sand,0.939,0.4699,0.0,-1.96
20.35,sand,0.939,0.4699,0.0,-1.96
20.43,sand,0.963,0.4699,0.0,-1.96
20.43,sand,0.963,0.4816,0.0,-1.96
20.53,sand,0.963,0.4816,0.0,-1.96
20.57,sand,0.963,0.4816,0.0,-1.96
20.64,sand,0.963,0.4816,0.0526,-1.96
20.74,sand,0.963,0.4816,0.0526,-1.96
20.74,sand,0.963,0.4816,0.0526,-1.95
20.84,sand,0.963,0.4816,0.0526,-1.95
20.84,sand,0.963,0.4816,0.0526,-1.95
20.94,sand,0.963,0.4816,0.0526,-1.95
20.94,sand,0.963,0.4816,0.0526,-1.94
20.97,sand,0.95,0.4816,0.0526,-1.94
20.97,sand,0.95,0.4755,0.0526,-1.94
21.04,sand,0.95,0.4755,0.0525,-1.94
21.15,sand,0.95,0.4755,0.0525,-1.94
21.15,sand,0.95,0.4755,0.0525,-1.93
21.24,sand,0.95,0.4755,0.0525,-1.93
21.34,sand,0.95,0.4755,0.0525,-1.93
21.34,sand,0.95,0.4755,0.0525,-1.92
21.44,sand,0.95,0.4755,0.0525,-1.92
21.44,sand,0.95,0.4755,0.0525,-1.92
21.54,sand,0.95,0.4755,0.0525,-1.92
21.54,sand,0.95,0.4755,0.0525,-1.91
21.64,sand,0.95,0.4755,0.0525,-1.91
21.64,sand,0.95,0.4755,0.0525,-1.91
21.66,sand,0.958,0.4755,0.0525,-1.91
21.67,sand,0.958,0.4794,0.0525,-1.91
21.74,sand,0.958,0.4794,0.0523,-1.91
21.84,sand,0.958,0.4794,0.0523,-1.9
21.84,sand,0.958,0.4794,0.0523,-1.9
21.94,sand,0.958,0.4794,0.0523,-1.9
21.95,sand,0.958,0.4794,0.0523,-1.89
22.04,sand,0.958,0.4794,0.0523,-1.89
22.14,sand,0.958,0.4794,0.0523,-1.89
22.14,sand,0.958,0.4794,0.0523,-1.88
22.21,sand,0.948,0.4794,0.0523,-1.88
22.22,sand,0.948,0.4742,0.0523,-1.88
22.24,sand,0.948,0.4742,0.0522,-1.88
22.34,sand,0.948,0.4742,0.0522,-1.88
22.34,sand,0.948,0.4742,0.0522,-1.87
22.44,sand,0.948,0.4742,0.0522,-1.87
22.44,sand,0.948,0.4742,0.0522,-1.87
22.54,sand,0.948,0.4742,0.0522,-1.87
22.54,sand,0.948,0.4742,0.0522,-1.86
22.65,sand,0.948,0.4742,0.0522,-1.86
22.65,sand,0.948,0.4742,0.0522,-1.85
22.71,sand,0.957,0.4742,0.0522,-1.85
22.71,sand,0.957,0.479,0.0522,-1.85
22.74,sand,0.957,0.479,0.0523,-1.85
22.84,sand,0.957,0.479,0.0523,-1.85
22.87,sand,0.957,0.479,0.0523,-1.84
22.94,sand,0.957,0.479,0.0523,-1.84
23.04,sand,0.957,0.479,0.0523,-1.84
23.05,sand,0.957,0.479,0.0523,-1.83
23.14,sand,0.957,0.479,0.0523,-1.83
23.14,sand,0.957,0.479,0.0523,-1.83
23.18,sand,0.935,0.479,0.0523,-1.83
23.18,sand,0.935,0.4679,0.0523,-1.83
23.24,sand,0.935,0.4679,0.0525,-1.83
23.34,sand,0.935,0.4679,0.0525,-1.82
23.34,sand,0.935,0.4679,0.0525,-1.82
23.44,sand,0.935,0.4679,0.0525,-1.82
23.45,sand,0.935,0.4679,0.0525,-1.81
23.54,sand,0.935,0.4679,0.0525,-1.81
23.54,sand,0.935,0.4679,0.0525,-1.81
23.64,sand,0.935,0.4679,0.0525,-1.81
23.64,sand,0.935,0.4679,0.0525,-1.8
23.75,sand,0.905,0.4679,0.0525,-1.8
23.75,sand,0.905,0.4526,0.0525,-1.8
23.75,sand,0.905,0.4526,0.0525,-1.8
23.75,sand,0.905,0.4526,0.0525,-1.8
23.84,sand,0.905,0.4526,0.0532,-1.8
23.94,sand,0.905,0.4526,0.0532,-1.79
23.94,sand,0.905,0.4526,0.0532,-1.79
24.04,sand,0.905,0.4526,0.0532,-1.79
24.05,sand,0.905,0.4526,0.0532,-1.78
24.14,sand,0.905,0.4526,0.0532,-1.78
24.24,sand,0.905,0.4526,0.0532,-1.78
24.24,sand,0.905,0.4526,0.0532,-1.77
24.34,sand,0.884,0.4526,0.0532,-1.77
24.34,sand,0.884,0.4425,0.0532,-1.77
24.34,sand,0.884,0.4425,0.0532,-1.77
24.34,sand,0.884,0.4425,0.0532,-1.77
24.44,sand,0.884,0.4425,0.054,-1.77
24.54,sand,0.884,0.4425,0.054,-1.76
24.54,sand,0.884,0.4425,0.054,-1.75
24.65,sand,0.884,0.4425,0.054,-1.75
24.65,sand,0.884,0.4425,0.054,-1.75
24.74,sand,0.884,0.4425,0.054,-1.75
24.75,sand,0.884,0.4425,0.054,-1.74
24.86,sand,0.884,0.4425,0.054,-1.74
24.86,sand,0.884,0.4425,0.054,-1.74
24.89,sand,0.933,0.4425,0.054,-1.74
24.9,sand,0.933,0.4669,0.054,-1.74
24.94,sand,0.933,0.4669,0.0543,-1.73
25.04,sand,0.933,0.4669,0.0543,-1.73
25.04,sand,0.933,0.4669,0.0543,-1.73
25.14,sand,0.933,0.4669,0.0543,-1.73
25.15,sand,0.933,0.4669,0.0543,-1.72
25.25,sand,0.933,0.4669,0.0543,-1.72
25.25,sand,0.933,0.4669,0.0543,-1.72
25.34,sand,0.933,0.4669,0.0543,-1.72
25.44,sand,0.842,0.4669,0.0543,-1.71
25.44,sand,0.842,0.4669,0.0543,-1.71
25.44,sand,0.842,0.4215,0.0543,-1.71
25.45,sand,0.842,0.4215,0.0554,-1.71
25.55,sand,0.842,0.4215,0.0554,-1.71
25.55,sand,0.842,0.4215,0.0554,-1.7
25.64,sand,0.842,0.4215,0.0554,-1.7
25.74,sand,0.842,0.4215,0.0554,-1.69
25.74,sand,0.842,0.4215,0.0554,-1.69
25.84,sand,0.842,0.4215,0.0554,-1.69
25.84,sand,0.842,0.4215,0.0554,-1.68
25.96,sand,0.842,0.4215,0.0554,-1.68
25.96,sand,0.842,0.4215,0.0554,-1.68
26.03,sand,0.881,0.4215,0.0554,-1.68
26.03,sand,0.881,0.4411,0.0554,-1.67
26.04,sand,0.881,0.4411,0.0557,-1.67
26.14,sand,0.881,0.4411,0.0557,-1.67
26.14,sand,0.881,0.4411,0.0557,-1.67
26.24,sand,0.881,0.4411,0.0557,-1.67
26.25,sand,0.881,0.4411,0.0557,-1.66
26.34,sand,0.881,0.4411,0.0557,-1.66
26.34,sand,0.881,0.4411,0.0557,-1.66
26.46,sand,0.881,0.4411,0.0557,-1.66
26.46,sand,0.881,0.4411,0.0557,-1.65
26.55,sand,0.896,0.4411,0.0557,-1.65
26.55,sand,0.896,0.4411,0.0557,-1.64
26.55,sand,0.896,0.4484,0.0557,-1.64
26.64,sand,0.896,0.4484,0.0556,-1.64
26.74,sand,0.896,0.4484,0.0556,-1.64
26.74,sand,0.896,0.4484,0.0556,-1.63
26.84,sand,0.896,0.4484,0.0556,-1.63
26.84,sand,0.896,0.4484,0.0556,-1.63
26.94,sand,0.896,0.4484,0.0556,-1.63
26.94,sand,0.896,0.4484,0.0556,-1.62
27.04,sand,0.896,0.4484,0.0556,-1.62
27.04,sand,0.896,0.4484,0.0556,-1.62
27.11,sand,0.913,0.4484,0.0556,-1.62
27.11,sand,0.913,0.4573,0.0556,-1.61
27.14,sand,0.913,0.4573,0.0558,-1.61
27.24,sand,0.913,0.4573,0.0558,-1.61
27.24,sand,0.913,0.4573,0.0558,-1.61
27.34,sand,0.913,0.4573,0.0558,-1.61
27.34,sand,0.913,0.4573,0.0558,-1.6
27.44,sand,0.913,0.4573,0.0558,-1.6
27.44,sand,0.913,0.4573,0.0558,-1.59
27.54,sand,0.913,0.4573,0.0558,-1.59
27.55,sand,0.913,0.4573,0.0558,-1.59
27.64,sand,0.913,0.4573,0.0558,-1.59
27.66,sand,0.917,0.4573,0.0558,-1.58
27.66,sand,0.917,0.459,0.0558,-1.58
27.74,sand,0.917,0.459,0.0549,-1.58
27.84,sand,0.917,0.459,0.0549,-1.58
27.84,sand,0.917,0.459,0.0549,-1.57
27.94,sand,0.917,0.459,0.0549,-1.57
27.95,sand,0.917,0.459,0.0549,-1.57
28.04,sand,0.917,0.459,0.0549,-1.57
28.04,sand,0.917,0.459,0.0549,-1.56
28.14,sand,0.917,0.459,0.0549,-1.56
28.14,sand,0.917,0.459,0.0549,-1.56
28.19,sand,0.943,0.459,0.0549,-1.56
28.2,sand,0.943,0.4719,0.0549,-1.55
28.25,sand,0.943,0.4719,0.0541,-1.55
28.34,sand,0.943,0.4719,0.0541,-1.55
28.45,sand,0.943,0.4719,0.0541,-1.54
28.45,sand,0.943,0.4719,0.0541,-1.54
28.54,sand,0.943,0.4719,0.0541,-1.54
28.65,sand,0.943,0.4719,0.0541,-1.53
28.76,sand,0.943,0.4719,0.0541,-1.53
28.77,sand,0.943,0.4719,0.0541,-1.52
28.84,sand,0.943,0.4719,0.0541,-1.52
28.94,sand,0.943,0.4719,0.0541,-1.52
28.94,sand,0.943,0.4719,0.0541,-1.51
29.01,sand,0.928,0.4719,0.0541,-1.51
29.02,sand,0.928,0.4645,0.0541,-1.51
29.04,sand,0.928,0.4645,0.0537,-1.51
29.14,sand,0.928,0.4645,0.0537,-1.51
29.15,sand,0.928,0.4645,0.0537,-1.5
29.25,sand,0.928,0.4645,0.0537,-1.5
29.25,sand,0.928,0.4645,0.0537,-1.5
29.34,sand,0.928,0.4645,0.0537,-1.5
29.34,sand,0.928,0.4645,0.0537,-1.49
29.44,sand,0.928,0.4645,0.0537,-1.49
29.44,sand,0.928,0.4645,0.0537,-1.49
29.54,sand,0.928,0.4645,0.0537,-1.49
29.54,sand,0.928,0.4645,0.0537,-1.48
29.66,sand,0.928,0.4645,0.0537,-1.48
29.66,sand,0.928,0.4645,0.0537,-1.47
29.66,sand,0.867,0.4645,0.0537,-1.47
29.66,sand,0.867,0.4343,0.0537,-1.47
29.75,sand,0.867,0.4343,0.0543,-1.47
29.84,sand,0.867,0.4343,0.0543,-1.47
29.94,sand,0.867,0.4343,0.0543,-1.46
29.94,sand,0.867,0.4343,0.0543,-1.46
30.04,sand,0.867,0.4343,0.0543,-1.46
30.04,sand,0.867,0.4343,0.0543,-1.45
30.14,sand,0.867,0.4343,0.0543,-1.45
30.14,sand,0.867,0.4343,0.0543,-1.45
30.14,sand,0.843,0.4343,0.0543,-1.45
30.15,sand,0.843,0.4228,0.0543,-1.45
30.24,sand,0.843,0.4228,0.0552,-1.45
30.24,sand,0.843,0.4228,0.0552,-1.44
30.34,sand,0.843,0.4228,0.0552,-1.44
30.34,sand,0.843,0.4228,0.0552,-1.44
30.44,sand,0.843,0.4228,0.0552,-1.44
30.44,sand,0.843,0.4228,0.0552,-1.43
30.56,sand,0.843,0.4228,0.0552,-1.43
30.56,sand,0.843,0.4228,0.0552,-1.42
30.64,sand,0.843,0.4228,0.0552,-1.42
30.74,sand,0.843,0.4228,0.0552,-1.42
30.74,sand,0.843,0.4228,0.0552,-1.41
30.77,sand,0.978,0.4228,0.0552,-1.41
30.77,sand,0.978,0.4894,0.0552,-1.41
30.84,sand,0.978,0.4894,0.0547,-1.41
30.94,sand,0.978,0.4894,0.0547,-1.41
30.94,sand,0.978,0.4894,0.0547,-1.4
31.05,sand,0.978,0.4894,0.0547,-1.4
31.05,sand,0.978,0.4894,0.0547,-1.4
31.14,sand,0.978,0.4894,0.0547,-1.4
31.14,sand,0.978,0.4894,0.0547,-1.39
31.24,sand,0.978,0.4894,0.0547,-1.39
31.24,sand,0.978,0.4894,0.0547,-1.39
31.33,sand,0.962,0.4894,0.0547,-1.39
31.33,sand,0.962,0.4815,0.0547,-1.38
31.34,sand,0.962,0.4815,0.0543,-1.38
31.45,sand,0.962,0.4815,0.0543,-1.38
31.45,sand,0.962,0.4815,0.0543,-1.38
31.54,sand,0.962,0.4815,0.0543,-1.38
31.64,sand,0.962,0.4815,0.0543,-1.37
31.64,sand,0.962,0.4815,0.0543,-1.37
31.74,sand,0.962,0.4815,0.0543,-1.37
31.75,sand,0.962,0.4815,0.0543,-1.36
31.83,sand,0.964,0.4815,0.0543,-1.36
31.83,sand,0.964,0.4825,0.0543,-1.36
31.84,sand,0.964,0.4825,0.0531,-1.36
31.94,sand,0.964,0.4825,0.0531,-1.35
31.94,sand,0.964,0.4825,0.0531,-1.35
32.04,sand,0.964,0.4825,0.0531,-1.35
32.04,sand,0.964,0.4825,0.0531,-1.34
32.14,sand,0.964,0.4825,0.0531,-1.34
32.14,sand,0.964,0.4825,0.0531,-1.34
32.24,sand,0.964,0.4825,0.0531,-1.34
32.24,sand,0.964,0.4825,0.0531,-1.33
32.37,sand,0.964,0.4825,0.0531,-1.33
32.37,sand,0.964,0.4825,0.0531,-1.33
32.44,sand,0.964,0.4825,0.0531,-1.33
32.53,sand,0.932,0.4825,0.0531,-1.32
32.53,sand,0.932,0.4668,0.0531,-1.32
32.54,sand,0.932,0.4668,0.052,-1.32
32.64,sand,0.932,0.4668,0.052,-1.32
32.64,sand,0.932,0.4668,0.052,-1.31
32.74,sand,0.932,0.4668,0.052,-1.31
32.74,sand,0.932,0.4668,0.052,-1.31
32.84,sand,0.932,0.4668,0.052,-1.31
32.84,sand,0.932,0.4668,0.052,-1.3
32.94,sand,0.932,0.4668,0.052,-1.3
32.94,sand,0.932,0.4668,0.052,-1.3
33.04,sand,0.932,0.4668,0.052,-1.3
33.04,sand,0.932,0.4668,0.052,-1.29
33.14,sand,0.932,0.4668,0.052,-1.29
33.14,sand,0.932,0.4668,0.052,-1.29
33.21,sand,0.945,0.4668,0.052,-1.29
33.21,sand,0.945,0.473,0.052,-1.28
33.24,sand,0.945,0.473,0.0524,-1.28
33.36,sand,0.945,0.473,0.0524,-1.28
33.36,sand,0.945,0.473,0.0524,-1.27
33.44,sand,0.945,0.473,0.0524,-1.27
33.54,sand,0.945,0.473,0.0524,-1.27
33.54,sand,0.945,0.473,0.0524,-1.27
33.64,sand,0.945,0.473,0.0524,-1.27
33.64,sand,0.945,0.473,0.0524,-1.26
33.75,sand,0.945,0.473,0.0524,-1.26
33.75,sand,0.945,0.473,0.0524,-1.25
33.84,sand,0.957,0.473,0.0524,-1.25
33.84,sand,0.957,0.4792,0.0524,-1.25
33.84,sand,0.957,0.4792,0.0524,-1.25
33.94,sand,0.957,0.4792,0.0525,-1.25
33.94,sand,0.957,0.4792,0.0525,-1.24
34.04,sand,0.957,0.4792,0.0525,-1.24
34.04,sand,0.957,0.4792,0.0525,-1.24
34.14,sand,0.957,0.4792,0.0525,-1.24
34.14,sand,0.957,0.4792,0.0525,-1.23
34.24,sand,0.957,0.4792,0.0525,-1.23
34.24,sand,0.957,0.4792,0.0525,-1.23
34.34,sand,0.957,0.4792,0.0525,-1.23
34.36,sand,0.957,0.4792,0.0525,-1.22
34.4,sand,0.964,0.4792,0.0525,-1.22
34.4,sand,0.964,0.4827,0.0525,-1.22
34.45,sand,0.964,0.4827,0.0525,-1.22
34.54,sand,0.964,0.4827,0.0525,-1.22
34.55,sand,0.964,0.4827,0.0525,-1.21
34.64,sand,0.964,0.4827,0.0525,-1.21
34.64,sand,0.964,0.4827,0.0525,-1.21
34.74,sand,0.964,0.4827,0.0525,-1.21
34.74,sand,0.964,0.4827,0.0525,-1.2
34.85,sand,0.964,0.4827,0.0525,-1.2
34.85,sand,0.964,0.4827,0.0525,-1.2
34.94,sand,0.964,0.4827,0.0525,-1.2
34.94,sand,0.964,0.4827,0.0525,-1.19
35.04,sand,0.964,0.4827,0.0525,-1.19
35.04,sand,0.964,0.4827,0.0525,-1.19
35.15,sand,0.964,0.4827,0.0525,-1.19
35.15,sand,0.964,0.4827,0.0525,-1.18
35.24,sand,0.964,0.4827,0.0525,-1.18
35.34,sand,0.964,0.4827,0.0525,-1.18
35.35,sand,0.964,0.4827,0.0525,-1.17
35.37,sand,0.964,0.4827,0.0525,-1.17
35.38,sand,0.964,0.4824,0.0525,-1.17
35.46,sand,0.964,0.4824,0.0521,-1.17
35.54,sand,0.964,0.4824,0.0521,-1.16
35.64,sand,0.964,0.4824,0.0521,-1.16
35.65,sand,0.964,0.4824,0.0521,-1.16
35.75,sand,0.964,0.4824,0.0521,-1.15
35.76,sand,0.964,0.4824,0.0521,-1.15
35.86,sand,0.964,0.4824,0.0521,-1.15
35.87,sand,0.964,0.4824,0.0521,-1.14
35.94,sand,0.964,0.4824,0.0521,-1.14
36.04,sand,0.964,0.4824,0.0521,-1.14
36.05,sand,0.964,0.4824,0.0521,-1.13
36.14,sand,0.964,0.4824,0.0521,-1.13
36.24,sand,0.977,0.4824,0.0521,-1.13
36.24,sand,0.977,0.4888,0.0521,-1.12
36.24,sand,0.977,0.4888,0.0521,-1.12
36.24,sand,0.977,0.4888,0.0521,-1.12
36.34,sand,0.977,0.4888,0.0517,-1.12
36.34,sand,0.977,0.4888,0.0517,-1.12
36.44,sand,0.977,0.4888,0.0517,-1.12
36.44,sand,0.977,0.4888,0.0517,-1.11
36.54,sand,0.977,0.4888,0.0517,-1.11
36.54,sand,0.977,0.4888,0.0517,-1.11
36.64,sand,0.977,0.4888,0.0517,-1.11
36.65,sand,0.977,0.4888,0.0517,-1.1
36.77,sand,0.977,0.4888,0.0517,-1.1
36.77,sand,0.977,0.4888,0.0517,-1.1
36.84,sand,0.977,0.4888,0.0517,-1.1
36.94,sand,0.977,0.4888,0.0517,-1.09
36.94,sand,0.977,0.4888,0.0517,-1.09
36.97,sand,0.982,0.4888,0.0517,-1.09
36.97,sand,0.982,0.4912,0.0517,-1.09
37.04,sand,0.982,0.4912,0.0514,-1.09
37.15,sand,0.982,0.4912,0.0514,-1.08
37.15,sand,0.982,0.4912,0.0514,-1.08
37.24,sand,0.982,0.4912,0.0514,-1.08
37.24,sand,0.982,0.4912,0.0514,-1.07
37.35,sand,0.982,0.4912,0.0514,-1.07
37.35,sand,0.982,0.4912,0.0514,-1.07
37.45,sand,0.982,0.4912,0.0514,-1.07
37.45,sand,0.982,0.4912,0.0514,-1.06
37.55,sand,0.982,0.4912,0.0514,-1.06
37.55,sand,0.982,0.4912,0.0514,-1.06
37.66,sand,0.982,0.4912,0.0514,-1.06
37.66,sand,0.982,0.4912,0.0514,-1.05
37.74,sand,0.982,0.4912,0.0514,-1.05
37.85,sand,0.982,0.4912,0.0514,-1.05
37.87,sand,0.982,0.4912,0.0514,-1.04
37.94,sand,0.982,0.4912,0.0514,-1.04
37.96,sand,0.986,0.4912,0.0514,-1.04
37.96,sand,0.986,0.4934,0.0514,-1.04
38.04,sand,0.986,0.4934,0.0511,-1.04
38.14,sand,0.986,0.4934,0.0511,-1.03
38.16,sand,0.986,0.4934,0.0511,-1.03
38.24,sand,0.986,0.4934,0.0511,-1.03
38.34,sand,0.986,0.4934,0.0511,-1.02
38.34,sand,0.986,0.4934,0.0511,-1.02
38.44,sand,0.986,0.4934,0.0511,-1.02
38.45,sand,0.986,0.4934,0.0511,-1.01
38.54,sand,0.986,0.4934,0.0511,-1.01
38.54,sand,0.986,0.4934,0.0511,-1.01
38.64,sand,0.986,0.4934,0.0511,-1.01
38.65,sand,0.986,0.4934,0.0511,-1.0
38.74,sand,0.986,0.4934,0.0511,-1.0
38.74,sand,0.986,0.4934,0.0511,-1.0
38.8,sand,0.961,0.4934,0.0511,-1.0
38.81,sand,0.961,0.4811,0.0511,-0.99
38.84,sand,0.961,0.4811,0.0511,-0.99
38.94,sand,0.961,0.4811,0.0511,-0.99
38.94,sand,0.961,0.4811,0.0511,-0.99
39.04,sand,0.961,0.4811,0.0511,-0.99
39.04,sand,0.961,0.4811,0.0511,-0.98
39.14,sand,0.961,0.4811,0.0511,-0.98
39.14,sand,0.961,0.4811,0.0511,-0.97
39.24,sand,0.961,0.4811,0.0511,-0.97
39.24,sand,0.961,0.4811,0.0511,-0.97
39.35,sand,0.961,0.4811,0.0511,-0.97
39.37,sand,0.961,0.4811,0.0511,-0.96
39.44,sand,0.961,0.4811,0.0511,-0.96
39.53,sand,0.926,0.4811,0.0511,-0.96
39.53,sand,0.926,0.4811,0.0511,-0.96
39.53,sand,0.926,0.4642,0.0511,-0.96
39.54,sand,0.926,0.4642,0.0518,-0.96
39.64,sand,0.926,0.4642,0.0518,-0.95
39.64,sand,0.926,0.4642,0.0518,-0.95
39.74,sand,0.926,0.4642,0.0518,-0.95
39.74,sand,0.926,0.4642,0.0518,-0.94
39.84,sand,0.926,0.4642,0.0518,-0.94
39.84,sand,0.926,0.4642,0.0518,-0.94
39.96,sand,0.926,0.4642,0.0518,-0.94
39.96,sand,0.926,0.4642,0.0518,-0.93
40.04,sand,0.926,0.4642,0.0518,-0.93
40.14,sand,0.926,0.4642,0.0518,-0.93
40.14,sand,0.926,0.4642,0.0518,-0.92
40.16,sand,0.942,0.4642,0.0518,-0.92
40.17,sand,0.942,0.4718,0.0518,-0.92
40.24,sand,0.942,0.4718,0.0522,-0.92
40.34,sand,0.942,0.4718,0.0522,-0.92
40.35,sand,0.942,0.4718,0.0522,-0.91
40.44,sand,0.942,0.4718,0.0522,-0.91
40.44,sand,0.942,0.4718,0.0522,-0.91
40.54,sand,0.942,0.4718,0.0522,-0.91
40.54,sand,0.942,0.4718,0.0522,-0.9
40.64,sand,0.942,0.4718,0.0522,-0.9
40.64,sand,0.942,0.4718,0.0522,-0.9
40.75,sand,0.942,0.4718,0.0522,-0.9
40.75,sand,0.942,0.4718,0.0522,-0.89
40.81,sand,0.881,0.4718,0.0522,-0.89
40.81,sand,0.881,0.4413,0.0522,-0.89
40.84,sand,0.881,0.4413,0.0535,-0.89
40.94,sand,0.881,0.4413,0.0535,-0.89
40.94,sand,0.881,0.4413,0.0535,-0.88
41.04,sand,0.881,0.4413,0.0535,-0.88
41.04,sand,0.881,0.4413,0.0535,-0.88
41.14,sand,0.881,0.4413,0.0535,-0.88
41.14,sand,0.881,0.4413,0.0535,-0.87
41.24,sand,0.881,0.4413,0.0535,-0.87
41.24,sand,0.881,0.4413,0.0535,-0.87
41.34,sand,0.881,0.4413,0.0535,-0.87
41.35,sand,0.881,0.4413,0.0535,-0.86
41.42,sand,0.891,0.4413,0.0535,-0.86
41.42,sand,0.891,0.4461,0.0535,-0.86
41.44,sand,0.891,0.4461,0.0544,-0.86
41.54,sand,0.891,0.4461,0.0544,-0.85
41.54,sand,0.891,0.4461,0.0544,-0.85
41.64,sand,0.891,0.4461,0.0544,-0.85
41.64,sand,0.891,0.4461,0.0544,-0.84
41.74,sand,0.891,0.4461,0.0544,-0.84
41.74,sand,0.891,0.4461,0.0544,-0.84
41.84,sand,0.891,0.4461,0.0544,-0.84
41.84,sand,0.891,0.4461,0.0544,-0.83
41.89,sand,0.875,0.4461,0.0544,-0.83
41.9,sand,0.875,0.4385,0.0544,-0.83
41.94,sand,0.875,0.4385,0.0551,-0.83
42.04,sand,0.875,0.4385,0.0551,-0.83
42.04,sand,0.875,0.4385,0.0551,-0.82
42.14,sand,0.875,0.4385,0.0551,-0.82
42.14,sand,0.875,0.4385,0.0551,-0.82
42.24,sand,0.875,0.4385,0.0551,-0.82
42.25,sand,0.875,0.4385,0.0551,-0.81
42.36,sand,0.875,0.4385,0.0551,-0.81
42.44,sand,0.875,0.4385,0.0551,-0.8
42.54,sand,0.875,0.4385,0.0551,-0.8
42.54,sand,0.875,0.4385,0.0551,-0.79
42.56,sand,0.849,0.4385,0.0551,-0.79
42.56,sand,0.849,0.4261,0.0551,-0.79
42.64,sand,0.849,0.4261,0.0562,-0.79
42.74,sand,0.849,0.4261,0.0562,-0.79
42.74,sand,0.849,0.4261,0.0562,-0.78
42.84,sand,0.849,0.4261,0.0562,-0.78
42.84,sand,0.849,0.4261,0.0562,-0.78
42.94,sand,0.849,0.4261,0.0562,-0.78
42.94,sand,0.849,0.4261,0.0562,-0.77
43.04,sand,0.849,0.4261,0.0562,-0.77
43.04,sand,0.849,0.4261,0.0562,-0.77
43.08,sand,0.823,0.4261,0.0562,-0.77
43.08,sand,0.823,0.4142,0.0562,-0.76
43.14,sand,0.823,0.4142,0.0569,-0.76
43.24,sand,0.823,0.4142,0.0569,-0.76
43.24,sand,0.823,0.4142,0.0569,-0.76
43.34,sand,0.823,0.4142,0.0569,-0.76
43.34,sand,0.823,0.4142,0.0569,-0.75
43.44,sand,0.823,0.4142,0.0569,-0.75
43.54,sand,0.823,0.4142,0.0569,-0.74
43.54,sand,0.823,0.4142,0.0569,-0.74
43.64,sand,0.823,0.4142,0.0569,-0.74
43.64,sand,0.823,0.4142,0.0569,-0.73
43.69,sand,0.816,0.4142,0.0569,-0.73
43.69,sand,0.816,0.4147,0.0569,-0.73
43.74,sand,0.816,0.4147,0.0577,-0.73
43.84,sand,0.816,0.4147,0.0577,-0.73
43.84,sand,0.816,0.4147,0.0577,-0.72
43.94,sand,0.816,0.4147,0.0577,-0.72
43.95,sand,0.816,0.4147,0.0577,-0.72
44.04,sand,0.816,0.4147,0.0577,-0.71
44.14,sand,0.816,0.4147,0.0577,-0.71
44.14,sand,0.816,0.4147,0.0577,-0.7
44.24,sand,0.816,0.4147,0.0577,-0.7
44.24,sand,0.816,0.4147,0.0577,-0.7
44.28,sand,0.826,0.4147,0.0577,-0.7
44.28,sand,0.826,0.4158,0.0577,-0.7
44.34,sand,0.826,0.4158,0.0582,-0.7
44.45,sand,0.826,0.4158,0.0582,-0.69
44.46,sand,0.826,0.4158,0.0582,-0.69
44.54,sand,0.826,0.4158,0.0582,-0.69
44.64,sand,0.826,0.4158,0.0582,-0.68
44.64,sand,0.826,0.4158,0.0582,-0.67
44.74,sand,0.826,0.4158,0.0582,-0.67
44.74,sand,0.826,0.4158,0.0582,-0.67
44.8,sand,0.814,0.4158,0.0582,-0.67
44.81,sand,0.814,0.4107,0.0582,-0.67
44.84,sand,0.814,0.4107,0.0586,-0.66
44.94,sand,0.814,0.4107,0.0586,-0.66
44.94,sand,0.814,0.4107,0.0586,-0.66
45.04,sand,0.814,0.4107,0.0586,-0.66
45.04,sand,0.814,0.4107,0.0586,-0.65
45.14,sand,0.814,0.4107,0.0586,-0.65
45.15,sand,0.814,0.4107,0.0586,-0.65
45.24,sand,0.814,0.4107,0.0586,-0.64
45.25,sand,0.814,0.4107,0.0586,-0.64
45.35,sand,0.814,0.4107,0.0586,-0.64
45.45,sand,0.814,0.4107,0.0586,-0.63
45.45,sand,0.814,0.4107,0.0586,-0.63
45.46,sand,0.695,0.4107,0.0586,-0.63
45.46,sand,0.695,0.357,0.0586,-0.63
45.54,sand,0.695,0.357,0.06,-0.63
45.64,sand,0.695,0.357,0.06,-0.62
45.64,sand,0.695,0.357,0.06,-0.62
45.74,sand,0.695,0.357,0.06,-0.62
45.74,sand,0.695,0.357,0.06,-0.61
45.85,sand,0.695,0.357,0.06,-0.61
45.85,sand,0.695,0.357,0.06,-0.6
45.94,sand,0.695,0.357,0.06,-0.6
46.04,sand,0.695,0.357,0.06,-0.6
46.04,sand,0.695,0.357,0.06,-0.59
46.07,sand,0.717,0.357,0.06,-0.59
46.07,sand,0.717,0.3678,0.06,-0.59
46.14,sand,0.717,0.3678,0.0612,-0.59
46.24,sand,0.717,0.3678,0.0612,-0.59
46.34,sand,0.717,0.3678,0.0612,-0.58
46.34,sand,0.717,0.3678,0.0612,-0.57
46.44,sand,0.717,0.3678,0.0612,-0.57
46.45,sand,0.717,0.3678,0.0612,-0.57
46.54,sand,0.717,0.3678,0.0612,-0.57
46.65,sand,0.717,0.3678,0.0612,-0.56
46.65,sand,0.717,0.3678,0.0612,-0.55
46.67,sand,0.653,0.3678,0.0612,-0.55
46.68,sand,0.653,0.3342,0.0612,-0.55
46.74,sand,0.653,0.3342,0.0633,-0.55
46.85,sand,0.653,0.3342,0.0633,-0.55
46.85,sand,0.653,0.3342,0.0633,-0.54
46.94,sand,0.653,0.3342,0.0633,-0.54
47.04,sand,0.653,0.3342,0.0633,-0.54
47.04,sand,0.653,0.3342,0.0633,-0.53
47.14,sand,0.653,0.3342,0.0633,-0.53
47.14,sand,0.653,0.3342,0.0633,-0.52
47.25,sand,0.653,0.3342,0.0633,-0.52
47.25,sand,0.653,0.3342,0.0633,-0.52
47.34,sand,0.653,0.3342,0.0633,-0.52
47.44,sand,0.653,0.3342,0.0633,-0.51
47.46,sand,0.653,0.3342,0.0633,-0.51
47.55,sand,0.653,0.3342,0.0633,-0.5
47.61,sand,0.826,0.3342,0.0633,-0.5
47.62,sand,0.826,0.417,0.0633,-0.49
47.64,sand,0.826,0.417,0.0631,-0.49
47.74,sand,0.826,0.417,0.0631,-0.49
47.84,sand,0.826,0.417,0.0631,-0.49
47.84,sand,0.826,0.417,0.0631,-0.48
47.94,sand,0.826,0.417,0.0631,-0.48
47.94,sand,0.826,0.417,0.0631,-0.47
48.04,sand,0.826,0.417,0.0631,-0.47
48.04,sand,0.826,0.417,0.0631,-0.47
48.14,sand,0.826,0.417,0.0631,-0.47
48.16,sand,0.826,0.417,0.0631,-0.46
48.24,sand,0.744,0.417,0.0631,-0.46
48.24,sand,0.744,0.3771,0.0631,-0.45
48.24,sand,0.744,0.3771,0.0626,-0.45
48.34,sand,0.744,0.3771,0.0626,-0.45
48.34,sand,0.744,0.3771,0.0626,-0.45
48.44,sand,0.744,0.3771,0.0626,-0.45
48.44,sand,0.744,0.3771,0.0626,-0.44
48.54,sand,0.744,0.3771,0.0626,-0.44
48.55,sand,0.744,0.3771,0.0626,-0.44
48.66,sand,0.744,0.3771,0.0626,-0.44
48.66,sand,0.744,0.3771,0.0626,-0.43
48.74,sand,0.744,0.3771,0.0626,-0.43
48.83,sand,0.611,0.3771,0.0626,-0.42
48.83,sand,0.611,0.3141,0.0626,-0.42
48.84,sand,0.611,0.3141,0.0639,-0.42
48.94,sand,0.611,0.3141,0.0639,-0.42
48.94,sand,0.611,0.3141,0.0639,-0.41
49.04,sand,0.611,0.3141,0.0639,-0.41
49.05,sand,0.611,0.3141,0.0639,-0.4
49.14,sand,0.611,0.3141,0.0639,-0.4
49.25,sand,0.611,0.3141,0.0639,-0.4
49.25,sand,0.611,0.3141,0.0639,-0.39
49.34,sand,0.611,0.3141,0.0639,-0.39
49.44,sand,0.611,0.3141,0.0639,-0.39
49.44,sand,0.611,0.3141,0.0639,-0.38
49.49,sand,0.734,0.3141,0.0639,-0.38
49.49,sand,0.734,0.3731,0.0639,-0.38
49.54,sand,0.734,0.3731,0.063,-0.38
49.64,sand,0.734,0.3731,0.063,-0.37
49.64,sand,0.734,0.3731,0.063,-0.37
49.74,sand,0.734,0.3731,0.063,-0.37
49.74,sand,0.734,0.3731,0.063,-0.36
49.84,sand,0.734,0.3731,0.063,-0.36
49.86,sand,0.734,0.3731,0.063,-0.35
49.95,sand,0.734,0.3731,0.063,-0.35
50.04,sand,0.734,0.3731,0.063,-0.35
53.02,sand,0.848,0.3731,0.063,-0.34
53.02,sand,0.848,0.4393,0.063,-0.15
53.04,sand,0.848,0.4393,0.063,-0.15
53.14,sand,0.848,0.4393,0.063,-0.15
53.24,sand,0.848,0.4393,0.063,-0.15
53.26,sand,0.848,0.4393,0.0,-0.14
53.35,sand,0.848,0.4393,0.0624,-0.14
53.44,sand,0.848,0.4393,0.0624,-0.14
53.54,sand,0.648,0.4393,0.0624,-0.13
53.54,sand,0.648,0.3455,0.0624,-0.13
53.56,sand,0.648,0.3455,0.0624,-0.13
53.64,sand,0.648,0.3455,0.0632,-0.12
53.74,sand,0.648,0.3455,0.0632,-0.12
53.74,sand,0.648,0.3455,0.0632,-0.11
53.84,sand,0.648,0.3455,0.0632,-0.11
53.84,sand,0.648,0.3455,0.0632,-0.11
53.96,sand,0.648,0.3455,0.0632,-0.11
53.96,sand,0.648,0.3455,0.0632,-0.1
54.04,sand,0.648,0.3455,0.0632,-0.1
54.12,soil,0.463,0.3455,0.0632,-0.09
54.13,soil,0.463,0.2844,0.0632,-0.09
54.22,soil,0.463,0.2844,0.0632,-0.09
54.24,soil,0.463,0.2844,0.0639,-0.08
54.34,soil,0.463,0.2844,0.0639,-0.08
54.34,soil,0.463,0.2844,0.0639,-0.08
54.45,soil,0.463,0.2844,0.0639,-0.08
54.45,soil,0.463,0.2844,0.0639,-0.07
54.54,soil,0.463,0.2844,0.0639,-0.07
54.64,soil,0.463,0.2844,0.0639,-0.06
54.64,soil,0.463,0.2844,0.0639,-0.06
54.65,soil,0.7,0.2844,0.0639,-0.06
54.65,soil,0.7,0.1598,0.0639,-0.06
54.74,soil,0.7,0.1598,0.0693,-0.06
54.84,soil,0.7,0.1598,0.0693,-0.05
54.84,soil,0.7,0.1598,0.0693,-0.04
54.95,soil,0.7,0.1598,0.0693,-0.04
54.95,soil,0.7,0.1598,0.0693,-0.04
55.04,soil,0.7,0.1598,0.0693,-0.04
55.04,soil,0.7,0.1598,0.0693,-0.03
55.14,soil,0.7,0.1598,0.0693,-0.03
55.15,soil,0.7,0.1598,0.0693,-0.02
55.19,soil,0.467,0.1598,0.0693,-0.02
55.19,soil,0.467,0.2841,0.0693,-0.02
55.24,soil,0.467,0.2841,0.0732,-0.02
55.34,soil,0.467,0.2841,0.0732,-0.02
55.34,soil,0.467,0.2841,0.0732,-0.01
55.44,soil,0.467,0.2841,0.0732,-0.01
55.44,soil,0.467,0.2841,0.0732,-0.0
55.54,soil,0.467,0.2841,0.0732,-0.0
55.54,soil,0.467,0.2841,0.0732,0.01
55.64,soil,0.467,0.2841,0.0732,0.01
55.64,soil,0.467,0.2841,0.0732,0.01
55.74,soil,0.467,0.2841,0.0732,0.01
55.75,soil,0.467,0.2841,0.0732,0.02
55.8,sand,0.553,0.2841,0.0732,0.02
55.8,sand,0.553,0.3259,0.0732,0.03
55.91,sand,0.553,0.3259,0.0732,0.03
55.91,sand,0.553,0.3259,0.0736,0.03
55.94,sand,0.553,0.3259,0.0736,0.03
56.04,sand,0.553,0.3259,0.0736,0.04
56.04,sand,0.553,0.3259,0.0736,0.04
56.14,sand,0.553,0.3259,0.0736,0.04
56.14,sand,0.553,0.3259,0.0736,0.05
56.24,sand,0.553,0.3259,0.0736,0.05
56.25,sand,0.553,0.3259,0.0736,0.06
56.37,sand,0.553,0.3259,0.0736,0.06
56.37,sand,0.553,0.3259,0.0736,0.07
56.44,soil,0.513,0.3259,0.0736,0.07
56.44,soil,0.513,0.2626,0.0736,0.07
56.45,soil,0.513,0.2626,0.0736,0.07
56.56,soil,0.513,0.2626,0.0736,0.07
56.58,soil,0.513,0.2626,0.0742,0.08
56.64,soil,0.513,0.2626,0.0742,0.08
56.74,soil,0.513,0.2626,0.0742,0.09
56.74,soil,0.513,0.2626,0.0742,0.09
56.84,soil,0.513,0.2626,0.0742,0.09
56.84,soil,0.513,0.2626,0.0742,0.1
56.94,soil,0.513,0.2626,0.0742,0.1
56.94,soil,0.513,0.2626,0.0742,0.11
56.99,soil,0.561,0.2626,0.0742,0.11
56.99,soil,0.561,0.2378,0.0742,0.11
57.04,soil,0.561,0.2378,0.0722,0.11
57.14,soil,0.561,0.2378,0.0722,0.12
57.14,soil,0.561,0.2378,0.0722,0.12
57.24,soil,0.561,0.2378,0.0722,0.12
57.24,soil,0.561,0.2378,0.0722,0.13
57.35,soil,0.561,0.2378,0.0722,0.13
57.35,soil,0.561,0.2378,0.0722,0.14
57.44,soil,0.561,0.2378,0.0722,0.14
57.44,soil,0.561,0.2378,0.0722,0.15
57.55,soil,0.561,0.2378,0.0722,0.15
57.56,soil,0.561,0.2378,0.0722,0.15
57.65,soil,0.561,0.2378,0.0722,0.15
57.73,soil,0.801,0.2378,0.0722,0.16
57.73,soil,0.801,0.1093,0.0722,0.17
57.74,soil,0.801,0.1093,0.0766,0.17
57.84,soil,0.801,0.1093,0.0766,0.17
57.84,soil,0.801,0.1093,0.0766,0.18
57.94,soil,0.801,0.1093,0.0766,0.18
57.95,soil,0.801,0.1093,0.0766,0.18
58.04,soil,0.801,0.1093,0.0766,0.18
58.15,soil,0.801,0.1093,0.0766,0.19
58.15,soil,0.801,0.1093,0.0766,0.2
58.24,soil,0.801,0.1093,0.0766,0.2
58.34,soil,0.801,0.1093,0.0766,0.21
58.34,soil,0.801,0.1093,0.0766,0.21
58.37,soil,0.777,0.1093,0.0766,0.21
58.38,soil,0.777,0.1273,0.0766,0.22
58.45,soil,0.777,0.1273,0.0816,0.22
58.54,soil,0.777,0.1273,0.0816,0.22
58.54,soil,0.777,0.1273,0.0816,0.23
58.65,soil,0.777,0.1273,0.0816,0.23
58.65,soil,0.777,0.1273,0.0816,0.24
58.75,soil,0.777,0.1273,0.0816,0.24
58.75,soil,0.777,0.1273,0.0816,0.25
58.84,soil,0.777,0.1273,0.0816,0.25
58.94,soil,0.777,0.1273,0.0816,0.25
58.95,soil,0.777,0.1273,0.0816,0.26
58.96,soil,0.616,0.1273,0.0816,0.26
58.96,soil,0.616,0.2282,0.0816,0.26
59.05,soil,0.616,0.2282,0.0824,0.26
59.14,soil,0.616,0.2282,0.0824,0.27
59.24,soil,0.616,0.2282,0.0824,0.28
59.24,soil,0.616,0.2282,0.0824,0.29
59.34,soil,0.616,0.2282,0.0824,0.29
59.34,soil,0.616,0.2282,0.0824,0.29
59.45,soil,0.616,0.2282,0.0824,0.29
59.45,soil,0.616,0.2282,0.0824,0.3
59.53,uncertain,0.395,0.2282,0.0824,0.3
59.53,uncertain,0.395,1.0,0.0824,0.31
59.6,uncertain,0.395,1.0,0.0634,0.31
59.64,uncertain,0.395,1.0,0.0634,0.32
59.74,uncertain,0.395,1.0,0.0634,0.32
59.74,uncertain,0.395,1.0,0.0634,0.33
59.84,uncertain,0.395,1.0,0.0634,0.33
59.84,uncertain,0.395,1.0,0.0634,0.33
59.94,uncertain,0.395,1.0,0.0634,0.33
59.94,uncertain,0.395,1.0,0.0634,0.34
60.04,uncertain,0.395,1.0,0.0634,0.34
60.04,uncertain,0.395,1.0,0.0634,0.34
60.14,uncertain,0.395,1.0,0.0634,0.34
60.15,uncertain,0.395,1.0,0.0634,0.35
60.17,sand,0.474,1.0,0.0634,0.35
60.17,sand,0.474,0.3148,0.0634,0.35
60.24,sand,0.474,0.3148,0.0582,0.35
60.35,sand,0.474,0.3148,0.0582,0.36
60.35,sand,0.474,0.3148,0.0582,0.36
60.44,sand,0.474,0.3148,0.0582,0.36
60.54,sand,0.474,0.3148,0.0582,0.37
60.54,sand,0.474,0.3148,0.0582,0.37
60.64,sand,0.474,0.3148,0.0582,0.37
60.64,sand,0.474,0.3148,0.0582,0.38
60.74,sand,0.474,0.3148,0.0582,0.38
60.74,sand,0.474,0.3148,0.0582,0.39
60.74,soil,0.514,0.3148,0.0582,0.39
60.75,soil,0.514,0.2676,0.0582,0.39
60.85,soil,0.514,0.2676,0.0582,0.39
60.85,soil,0.514,0.2676,0.0547,0.39
60.94,soil,0.514,0.2676,0.0547,0.39
61.04,soil,0.514,0.2676,0.0547,0.4
61.05,soil,0.514,0.2676,0.0547,0.4
61.15,soil,0.514,0.2676,0.0547,0.4
61.15,soil,0.514,0.2676,0.0547,0.41
61.24,soil,0.514,0.2676,0.0547,0.41
61.34,soil,0.505,0.2676,0.0547,0.41
61.35,soil,0.505,0.2676,0.0547,0.42
61.35,soil,0.505,0.2676,0.0547,0.42
61.35,soil,0.505,0.2906,0.0547,0.42
61.46,soil,0.505,0.2906,0.0532,0.42
61.54,soil,0.505,0.2906,0.0532,0.43
61.64,soil,0.505,0.2906,0.0532,0.43
61.64,soil,0.505,0.2906,0.0532,0.44
61.75,soil,0.505,0.2906,0.0532,0.44
61.75,soil,0.505,0.2906,0.0532,0.44
61.84,soil,0.505,0.2906,0.0532,0.44
61.94,soil,0.505,0.2906,0.0532,0.45
61.94,soil,0.505,0.2906,0.0532,0.45
62.04,soil,0.505,0.2906,0.0532,0.45
62.04,soil,0.505,0.2906,0.0532,0.46
62.05,soil,0.447,0.2906,0.0532,0.46
62.06,soil,0.447,0.3241,0.0532,0.46
62.14,soil,0.447,0.3241,0.0701,0.46
62.24,soil,0.447,0.3241,0.0701,0.46
62.24,soil,0.447,0.3241,0.0701,0.47
62.34,soil,0.447,0.3241,0.0701,0.47
62.34,soil,0.447,0.3241,0.0701,0.48
62.44,soil,0.447,0.3241,0.0701,0.48
62.54,soil,0.447,0.3241,0.0701,0.48
62.55,soil,0.447,0.3241,0.0701,0.49
62.61,sand,0.474,0.3241,0.0701,0.49
62.62,sand,0.474,0.4708,0.0701,0.49
62.69,sand,0.474,0.4708,0.0662,0.5
62.74,sand,0.474,0.4708,0.0662,0.5
62.85,sand,0.474,0.4708,0.0662,0.5
62.85,sand,0.474,0.4708,0.0662,0.51
62.95,sand,0.474,0.4708,0.0662,0.51
62.95,sand,0.474,0.4708,0.0662,0.52
63.04,sand,0.474,0.4708,0.0662,0.52
63.06,uncertain,0.379,0.4708,0.0662,0.52
63.06,uncertain,0.379,1.0,0.0662,0.53
63.17,uncertain,0.379,1.0,0.0662,0.53
63.17,uncertain,0.379,1.0,0.0662,0.53
63.24,uncertain,0.379,1.0,0.0479,0.53
63.34,uncertain,0.379,1.0,0.0479,0.54
63.35,uncertain,0.379,1.0,0.0479,0.54
63.44,uncertain,0.379,1.0,0.0479,0.54
63.54,uncertain,0.379,1.0,0.0479,0.55
63.55,uncertain,0.379,1.0,0.0479,0.55
63.63,bedrock,0.605,1.0,0.0479,0.55
63.63,bedrock,0.605,0.5307,0.0479,0.56
63.69,bedrock,0.605,0.5307,0.0479,0.56
63.74,bedrock,0.605,0.5307,0.0419,0.56
63.84,bedrock,0.605,0.5307,0.0419,0.56
63.86,bedrock,0.605,0.5307,0.0419,0.57
63.94,bedrock,0.605,0.5307,0.0419,0.57
64.04,bedrock,0.605,0.5307,0.0419,0.57
64.04,bedrock,0.605,0.5307,0.0419,0.57
64.16,bedrock,0.605,0.5307,0.0419,0.57
64.16,bedrock,0.605,0.5307,0.0419,0.58
64.18,bedrock,0.65,0.5307,0.0419,0.58
64.18,bedrock,0.65,0.5522,0.0419,0.58
64.24,bedrock,0.65,0.5522,0.0362,0.58
64.34,bedrock,0.65,0.5522,0.0362,0.58
64.34,bedrock,0.65,0.5522,0.0362,0.59
64.44,bedrock,0.65,0.5522,0.0362,0.59
64.44,bedrock,0.65,0.5522,0.0362,0.59
64.54,bedrock,0.65,0.5522,0.0362,0.59
64.54,bedrock,0.65,0.5522,0.0362,0.59
64.64,bedrock,0.65,0.5522,0.0362,0.59
64.64,bedrock,0.65,0.5522,0.0362,0.6
64.66,bedrock,0.669,0.5522,0.0362,0.6
64.67,bedrock,0.669,0.5746,0.0362,0.6
64.74,bedrock,0.669,0.5746,0.0336,0.6
64.84,bedrock,0.669,0.5746,0.0336,0.6
64.84,bedrock,0.669,0.5746,0.0336,0.6
64.94,bedrock,0.669,0.5746,0.0336,0.6
64.94,bedrock,0.669,0.5746,0.0336,0.61
65.04,bedrock,0.669,0.5746,0.0336,0.61
65.04,bedrock,0.669,0.5746,0.0336,0.61
65.14,bedrock,0.669,0.5746,0.0336,0.61
65.24,bedrock,0.669,0.5746,0.0336,0.61
65.24,bedrock,0.669,0.5746,0.0336,0.62
65.25,bedrock,0.683,0.5746,0.0336,0.62
65.25,bedrock,0.683,0.581,0.0336,0.62
65.34,bedrock,0.683,0.581,0.044,0.62
65.44,bedrock,0.683,0.581,0.044,0.62
65.45,bedrock,0.683,0.581,0.044,0.62
65.54,bedrock,0.683,0.581,0.044,0.62
65.54,bedrock,0.683,0.581,0.044,0.63
65.64,bedrock,0.683,0.581,0.044,0.63
65.65,bedrock,0.683,0.581,0.044,0.63
65.74,bedrock,0.683,0.581,0.044,0.63
65.74,bedrock,0.683,0.581,0.044,0.64
65.83,bedrock,0.78,0.581,0.044,0.64
65.83,bedrock,0.78,0.601,0.044,0.64
65.84,bedrock,0.78,0.601,0.044,0.64
65.95,bedrock,0.78,0.601,0.0423,0.64
65.95,bedrock,0.78,0.601,0.0423,0.65
66.04,bedrock,0.78,0.601,0.0423,0.65
66.14,bedrock,0.78,0.601,0.0423,0.65
66.15,bedrock,0.78,0.601,0.0423,0.66
66.24,bedrock,0.78,0.601,0.0423,0.66
66.25,bedrock,0.78,0.601,0.0423,0.66
66.34,bedrock,0.78,0.601,0.0423,0.66
66.34,bedrock,0.78,0.601,0.0423,0.66
66.44,bedrock,0.78,0.601,0.0423,0.66
66.44,bedrock,0.78,0.601,0.0423,0.67
66.49,bedrock,0.721,0.601,0.0423,0.67
66.49,bedrock,0.721,0.5901,0.0423,0.67
66.54,bedrock,0.721,0.5901,0.0413,0.67
66.64,bedrock,0.721,0.5901,0.0413,0.67
66.64,bedrock,0.721,0.5901,0.0413,0.68
66.74,bedrock,0.721,0.5901,0.0413,0.68
66.74,bedrock,0.721,0.5901,0.0413,0.68
66.85,bedrock,0.721,0.5901,0.0413,0.68
66.85,bedrock,0.721,0.5901,0.0413,0.68
66.95,bedrock,0.721,0.5901,0.0413,0.68
66.95,bedrock,0.721,0.5901,0.0413,0.69
66.98,bedrock,0.725,0.5901,0.0413,0.69
67.01,bedrock,0.725,0.5709,0.0413,0.69
67.04,bedrock,0.725,0.5709,0.0414,0.69
67.14,bedrock,0.725,0.5709,0.0414,0.69
67.14,bedrock,0.725,0.5709,0.0414,0.7
67.24,bedrock,0.725,0.5709,0.0414,0.7
67.24,bedrock,0.725,0.5709,0.0414,0.7
67.34,bedrock,0.725,0.5709,0.0414,0.7
67.34,bedrock,0.725,0.5709,0.0414,0.71
67.44,bedrock,0.725,0.5709,0.0414,0.71
67.45,bedrock,0.725,0.5709,0.0414,0.71
67.54,bedrock,0.725,0.5709,0.0414,0.71
67.54,bedrock,0.725,0.5709,0.0414,0.71
67.64,bedrock,0.725,0.5709,0.0414,0.71
67.64,bedrock,0.725,0.5709,0.0414,0.72
67.64,bedrock,0.68,0.5709,0.0414,0.72
67.64,bedrock,0.68,0.5783,0.0414,0.72
67.76,bedrock,0.68,0.5783,0.0415,0.72
67.76,bedrock,0.68,0.5783,0.0415,0.72
67.84,bedrock,0.68,0.5783,0.0415,0.72
67.95,bedrock,0.68,0.5783,0.0415,0.73
67.95,bedrock,0.68,0.5783,0.0415,0.73
68.04,bedrock,0.68,0.5783,0.0415,0.73
68.05,bedrock,0.68,0.5783,0.0415,0.73
68.14,bedrock,0.68,0.5783,0.0415,0.73
68.14,bedrock,0.68,0.5783,0.0415,0.74
68.24,bedrock,0.66,0.5783,0.0415,0.74
68.24,bedrock,0.66,0.5783,0.0415,0.74
68.25,bedrock,0.66,0.6034,0.0415,0.74
68.25,bedrock,0.66,0.6034,0.0415,0.74
68.34,bedrock,0.66,0.6034,0.0414,0.74
68.44,bedrock,0.66,0.6034,0.0414,0.75
68.44,bedrock,0.66,0.6034,0.0414,0.75
68.54,bedrock,0.66,0.6034,0.0414,0.75
68.54,bedrock,0.66,0.6034,0.0414,0.75
68.65,bedrock,0.66,0.6034,0.0414,0.75
68.65,bedrock,0.66,0.6034,0.0414,0.76
68.74,bedrock,0.66,0.6034,0.0414,0.76
68.74,bedrock,0.66,0.6034,0.0414,0.76
68.78,bedrock,0.775,0.6034,0.0414,0.76
68.79,bedrock,0.775,0.631,0.0414,0.76
68.84,bedrock,0.775,0.631,0.0404,0.77
68.94,bedrock,0.775,0.631,0.0404,0.77
68.94,bedrock,0.775,0.631,0.0404,0.77
69.04,bedrock,0.775,0.631,0.0404,0.77
69.04,bedrock,0.775,0.631,0.0404,0.78
69.15,bedrock,0.775,0.631,0.0404,0.78
69.15,bedrock,0.775,0.631,0.0404,0.78
69.24,bedrock,0.775,0.631,0.0404,0.78
69.24,bedrock,0.775,0.631,0.0404,0.78
69.29,bedrock,0.826,0.631,0.0404,0.78
69.29,bedrock,0.826,0.6388,0.0404,0.79
69.34,bedrock,0.826,0.6388,0.0387,0.79
69.44,bedrock,0.826,0.6388,0.0387,0.79
69.44,bedrock,0.826,0.6388,0.0387,0.79
69.54,bedrock,0.826,0.6388,0.0387,0.79
69.55,bedrock,0.826,0.6388,0.0387,0.8
69.64,bedrock,0.826,0.6388,0.0387,0.8
69.64,bedrock,0.826,0.6388,0.0387,0.8
69.75,bedrock,0.826,0.6388,0.0387,0.8
69.75,bedrock,0.826,0.6388,0.0387,0.8
69.8,bedrock,0.877,0.6388,0.0387,0.8
69.8,bedrock,0.877,0.6603,0.0387,0.81
69.84,bedrock,0.877,0.6603,0.0367,0.81
69.94,bedrock,0.877,0.6603,0.0367,0.81
69.95,bedrock,0.877,0.6603,0.0367,0.81
70.04,bedrock,0.877,0.6603,0.0367,0.81
70.05,bedrock,0.877,0.6603,0.0367,0.81
70.14,bedrock,0.877,0.6603,0.0367,0.81
70.14,bedrock,0.877,0.6603,0.0367,0.82
70.24,bedrock,0.877,0.6603,0.0367,0.82
70.24,bedrock,0.877,0.6603,0.0367,0.82
70.34,bedrock,0.877,0.6603,0.0367,0.82
70.35,bedrock,0.877,0.6603,0.0367,0.83
70.39,bedrock,0.912,0.6603,0.0367,0.83
70.4,bedrock,0.912,0.6605,0.0367,0.83
70.44,bedrock,0.912,0.6605,0.0352,0.83
70.54,bedrock,0.912,0.6605,0.0352,0.83
70.54,bedrock,0.912,0.6605,0.0352,0.83
70.64,bedrock,0.912,0.6605,0.0352,0.83
70.64,bedrock,0.912,0.6605,0.0352,0.84
70.75,bedrock,0.912,0.6605,0.0352,0.84
70.75,bedrock,0.912,0.6605,0.0352,0.84
70.84,bedrock,0.912,0.6605,0.0352,0.84
70.9,bedrock,0.883,0.6605,0.0352,0.84
70.9,bedrock,0.883,0.6486,0.0352,0.84
70.98,bedrock,0.883,0.6486,0.0348,0.84
71.04,bedrock,0.883,0.6486,0.0348,0.85
71.15,bedrock,0.883,0.6486,0.0348,0.85
71.15,bedrock,0.883,0.6486,0.0348,0.85
71.24,bedrock,0.883,0.6486,0.0348,0.85
71.35,bedrock,0.883,0.6486,0.0348,0.86
71.35,bedrock,0.883,0.6486,0.0348,0.86
71.4,bedrock,0.917,0.6486,0.0348,0.86
71.4,bedrock,0.917,0.6575,0.0348,0.86
71.44,bedrock,0.917,0.6575,0.0343,0.86
71.54,bedrock,0.917,0.6575,0.0343,0.86
71.54,bedrock,0.917,0.6575,0.0343,0.87
71.64,bedrock,0.917,0.6575,0.0343,0.87
71.64,bedrock,0.917,0.6575,0.0343,0.87
71.75,bedrock,0.917,0.6575,0.0343,0.87
71.75,bedrock,0.917,0.6575,0.0343,0.87
71.85,bedrock,0.917,0.6575,0.0343,0.87
71.96,bedrock,0.917,0.6575,0.0343,0.88
71.96,bedrock,0.917,0.6575,0.0343,0.88
71.99,bedrock,0.869,0.6575,0.0343,0.88
71.99,bedrock,0.869,0.6383,0.0343,0.88
72.04,bedrock,0.869,0.6383,0.0349,0.88
72.14,bedrock,0.869,0.6383,0.0349,0.88
72.14,bedrock,0.869,0.6383,0.0349,0.89
72.24,bedrock,0.869,0.6383,0.0349,0.89
72.24,bedrock,0.869,0.6383,0.0349,0.89
72.35,bedrock,0.869,0.6383,0.0349,0.89
72.35,bedrock,0.869,0.6383,0.0349,0.9
72.44,bedrock,0.869,0.6383,0.0349,0.9
72.54,bedrock,0.869,0.6383,0.0349,0.9
72.54,bedrock,0.869,0.6383,0.0349,0.9
72.55,bedrock,0.848,0.6383,0.0349,0.9
72.55,bedrock,0.848,0.6216,0.0349,0.9
72.64,bedrock,0.848,0.6216,0.0358,0.9
72.64,bedrock,0.848,0.6216,0.0358,0.91
72.74,bedrock,0.848,0.6216,0.0358,0.91
72.74,bedrock,0.848,0.6216,0.0358,0.91
72.84,bedrock,0.848,0.6216,0.0358,0.91
72.84,bedrock,0.848,0.6216,0.0358,0.91
72.94,bedrock,0.848,0.6216,0.0358,0.91
72.94,bedrock,0.848,0.6216,0.0358,0.92
73.05,bedrock,0.848,0.6216,0.0358,0.92
73.05,bedrock,0.848,0.6216,0.0358,0.92
73.14,bedrock,0.848,0.6216,0.0358,0.92
73.14,bedrock,0.848,0.6216,0.0358,0.92
73.17,bedrock,0.893,0.6216,0.0358,0.92
73.18,bedrock,0.893,0.6438,0.0358,0.92
73.24,bedrock,0.893,0.6438,0.036,0.92
73.34,bedrock,0.893,0.6438,0.036,0.93
73.34,bedrock,0.893,0.6438,0.036,0.93
73.44,bedrock,0.893,0.6438,0.036,0.93
73.44,bedrock,0.893,0.6438,0.036,0.93
73.54,bedrock,0.893,0.6438,0.036,0.93
73.55,bedrock,0.893,0.6438,0.036,0.94
73.65,bedrock,0.893,0.6438,0.036,0.94
73.65,bedrock,0.893,0.6438,0.036,0.94
73.72,bedrock,0.938,0.6438,0.036,0.94
73.72,bedrock,0.938,0.6724,0.036,0.94
73.74,bedrock,0.938,0.6724,0.0356,0.94
73.85,bedrock,0.938,0.6724,0.0356,0.94
73.85,bedrock,0.938,0.6724,0.0356,0.95
73.94,bedrock,0.938,0.6724,0.0356,0.95
73.94,bedrock,0.938,0.6724,0.0356,0.95
74.04,bedrock,0.938,0.6724,0.0356,0.95
74.05,bedrock,0.938,0.6724,0.0356,0.96
74.15,bedrock,0.938,0.6724,0.0356,0.96
74.15,bedrock,0.938,0.6724,0.0356,0.96
74.25,bedrock,0.938,0.6724,0.0356,0.96
74.25,bedrock,0.938,0.6724,0.0356,0.96
74.35,bedrock,0.95,0.6724,0.0356,0.96
74.36,bedrock,0.95,0.6743,0.0356,0.97
74.36,bedrock,0.95,0.6743,0.0356,0.97
74.44,bedrock,0.95,0.6743,0.0347,0.97
74.54,bedrock,0.95,0.6743,0.0347,0.97
74.54,bedrock,0.95,0.6743,0.0347,0.97
74.65,bedrock,0.95,0.6743,0.0347,0.97
74.65,bedrock,0.95,0.6743,0.0347,0.98
74.74,bedrock,0.95,0.6743,0.0347,0.98
74.84,bedrock,0.95,0.6743,0.0347,0.98
74.84,bedrock,0.968,0.6743,0.0347,0.98
74.84,bedrock,0.968,0.6819,0.0347,0.98
74.84,bedrock,0.968,0.6819,0.0347,0.98
74.95,bedrock,0.968,0.6819,0.0332,0.98
74.95,bedrock,0.968,0.6819,0.0332,0.99
75.05,bedrock,0.968,0.6819,0.0332,0.99
75.05,bedrock,0.968,0.6819,0.0332,0.99
75.16,bedrock,0.968,0.6819,0.0332,0.99
75.24,bedrock,0.968,0.6819,0.0332,0.99
75.34,bedrock,0.949,0.6819,0.0332,1.0
75.34,bedrock,0.949,0.6703,0.0332,1.0
75.34,bedrock,0.949,0.6703,0.0332,1.0
75.37,bedrock,0.949,0.6703,0.0332,1.0
75.44,bedrock,0.949,0.6703,0.0325,1.0
75.54,bedrock,0.949,0.6703,0.0325,1.0
75.54,bedrock,0.949,0.6703,0.0325,1.01
75.65,bedrock,0.949,0.6703,0.0325,1.01
75.65,bedrock,0.949,0.6703,0.0325,1.01
75.75,bedrock,0.949,0.6703,0.0325,1.01
75.75,bedrock,0.949,0.6703,0.0325,1.01
75.84,bedrock,0.949,0.6703,0.0325,1.01
75.94,bedrock,0.949,0.6703,0.0325,1.02
75.94,bedrock,0.949,0.6703,0.0325,1.02
75.95,bedrock,0.921,0.6703,0.0325,1.02
75.95,bedrock,0.921,0.6522,0.0325,1.02
76.04,bedrock,0.921,0.6522,0.033,1.02
76.14,bedrock,0.921,0.6522,0.033,1.02
76.14,bedrock,0.921,0.6522,0.033,1.03
76.25,bedrock,0.921,0.6522,0.033,1.03
76.25,bedrock,0.921,0.6522,0.033,1.03
76.35,bedrock,0.921,0.6522,0.033,1.03
76.44,bedrock,0.921,0.6522,0.033,1.03
76.55,bedrock,0.921,0.6522,0.033,1.04
76.55,bedrock,0.921,0.6522,0.033,1.04
76.64,bedrock,0.921,0.6522,0.033,1.04
76.65,bedrock,0.977,0.6522,0.033,1.04
76.66,bedrock,0.977,0.6884,0.033,1.04
76.74,bedrock,0.977,0.6884,0.0327,1.04
76.84,bedrock,0.977,0.6884,0.0327,1.05
76.84,bedrock,0.977,0.6884,0.0327,1.05
76.94,bedrock,0.977,0.6884,0.0327,1.05
76.94,bedrock,0.977,0.6884,0.0327,1.05
77.04,bedrock,0.977,0.6884,0.0327,1.05
77.04,bedrock,0.977,0.6884,0.0327,1.06
77.15,bedrock,0.977,0.6884,0.0327,1.06
77.15,bedrock,0.977,0.6884,0.0327,1.06
77.24,bedrock,0.977,0.6884,0.0327,1.06
77.25,bedrock,0.977,0.6884,0.0327,1.06
77.34,bedrock,0.977,0.6884,0.0327,1.06
77.42,bedrock,0.945,0.6884,0.0327,1.07
77.43,bedrock,0.945,0.6685,0.0327,1.07
77.44,bedrock,0.945,0.6685,0.033,1.07
77.55,bedrock,0.945,0.6685,0.033,1.07
77.55,bedrock,0.945,0.6685,0.033,1.07
77.71,bedrock,0.945,0.6685,0.033,1.07
77.74,bedrock,0.945,0.6685,0.033,1.08
77.84,bedrock,0.945,0.6685,0.033,1.08
77.84,bedrock,0.945,0.6685,0.033,1.08
77.95,bedrock,0.945,0.6685,0.033,1.08
77.96,bedrock,0.945,0.6685,0.033,1.09
78.04,bedrock,0.945,0.6685,0.033,1.09
78.08,bedrock,0.936,0.6685,0.033,1.09
78.08,bedrock,0.936,0.6613,0.033,1.09
78.14,bedrock,0.936,0.6613,0.0332,1.09
78.25,bedrock,0.936,0.6613,0.0332,1.09
78.26,bedrock,0.936,0.6613,0.0332,1.1
78.34,bedrock,0.936,0.6613,0.0332,1.1
78.44,bedrock,0.936,0.6613,0.0332,1.1
78.44,bedrock,0.936,0.6613,0.0332,1.1
78.54,bedrock,0.936,0.6613,0.0332,1.1
78.56,bedrock,0.936,0.6613,0.0332,1.11
78.65,bedrock,0.936,0.6613,0.0332,1.11
78.74,bedrock,0.936,0.6613,0.0332,1.11
78.74,bedrock,0.936,0.6613,0.0332,1.11
78.77,bedrock,0.922,0.6613,0.0332,1.11
78.77,bedrock,0.922,0.6479,0.0332,1.11
78.84,bedrock,0.922,0.6479,0.0333,1.11
78.95,bedrock,0.922,0.6479,0.0333,1.12
78.95,bedrock,0.922,0.6479,0.0333,1.12
79.05,bedrock,0.922,0.6479,0.0333,1.12
79.05,bedrock,0.922,0.6479,0.0333,1.12
79.14,bedrock,0.922,0.6479,0.0333,1.12
79.14,bedrock,0.922,0.6479,0.0333,1.13
79.24,bedrock,0.922,0.6479,0.0333,1.13
79.24,bedrock,0.922,0.6479,0.0333,1.13
79.34,bedrock,0.922,0.6479,0.0333,1.13
79.34,bedrock,0.922,0.6479,0.0333,1.13
79.4,bedrock,0.931,0.6479,0.0333,1.13
79.4,bedrock,0.931,0.6537,0.0333,1.13
79.45,bedrock,0.931,0.6537,0.0342,1.13
79.54,bedrock,0.931,0.6537,0.0342,1.14
79.54,bedrock,0.931,0.6537,0.0342,1.14
79.64,bedrock,0.931,0.6537,0.0342,1.14
79.64,bedrock,0.931,0.6537,0.0342,1.14
79.74,bedrock,0.931,0.6537,0.0342,1.14
79.74,bedrock,0.931,0.6537,0.0342,1.15
79.84,bedrock,0.931,0.6537,0.0342,1.15
79.84,bedrock,0.931,0.6537,0.0342,1.15
79.95,bedrock,0.931,0.6537,0.0342,1.15
79.95,bedrock,0.931,0.6537,0.0342,1.15
80.05,bedrock,0.931,0.6537,0.0342,1.15
80.05,bedrock,0.923,0.6537,0.0342,1.16
80.06,bedrock,0.923,0.6489,0.0342,1.16
80.14,bedrock,0.923,0.6489,0.0347,1.16
80.25,bedrock,0.923,0.6489,0.0347,1.16
80.25,bedrock,0.923,0.6489,0.0347,1.16
80.35,bedrock,0.923,0.6489,0.0347,1.16
80.37,bedrock,0.923,0.6489,0.0347,1.17
80.44,bedrock,0.923,0.6489,0.0347,1.17
80.55,bedrock,0.923,0.6489,0.0347,1.17
80.55,bedrock,0.923,0.6489,0.0347,1.17
80.64,bedrock,0.923,0.6489,0.0347,1.17
80.72,bedrock,0.898,0.6489,0.0347,1.18
80.75,bedrock,0.898,0.6335,0.0347,1.18
80.75,bedrock,0.898,0.6335,0.0354,1.18
80.84,bedrock,0.898,0.6335,0.0354,1.18
80.94,bedrock,0.898,0.6335,0.0354,1.18
80.94,bedrock,0.898,0.6335,0.0354,1.19
81.04,bedrock,0.898,0.6335,0.0354,1.19
81.04,bedrock,0.898,0.6335,0.0354,1.19
81.15,bedrock,0.898,0.6335,0.0354,1.19
81.16,bedrock,0.898,0.6335,0.0354,1.19
81.24,bedrock,0.898,0.6335,0.0354,1.2
81.34,bedrock,0.898,0.6335,0.0354,1.2
81.34,bedrock,0.898,0.6335,0.0354,1.2
81.37,bedrock,0.737,0.6335,0.0354,1.2
81.39,bedrock,0.737,0.5215,0.0354,1.2
81.44,bedrock,0.737,0.5215,0.0386,1.2
81.56,bedrock,0.737,0.5215,0.0386,1.2
81.56,bedrock,0.737,0.5215,0.0386,1.21
81.64,bedrock,0.737,0.5215,0.0386,1.21
81.74,bedrock,0.737,0.5215,0.0386,1.21
81.74,bedrock,0.737,0.5215,0.0386,1.22
81.84,bedrock,0.737,0.5215,0.0386,1.22
81.85,bedrock,0.737,0.5215,0.0386,1.22
81.95,bedrock,0.737,0.5215,0.0386,1.22
81.95,bedrock,0.737,0.5215,0.0386,1.22
82.04,bedrock,0.737,0.5215,0.0386,1.22
82.05,bedrock,0.557,0.5215,0.0386,1.23
82.05,bedrock,0.557,0.3962,0.0386,1.23
82.14,bedrock,0.557,0.3962,0.045,1.23
82.24,bedrock,0.557,0.3962,0.045,1.23
82.24,bedrock,0.557,0.3962,0.045,1.24
82.34,bedrock,0.557,0.3962,0.045,1.24
82.34,bedrock,0.557,0.3962,0.045,1.24
82.45,bedrock,0.557,0.3962,0.045,1.24
82.45,bedrock,0.557,0.3962,0.045,1.25
82.54,bedrock,0.557,0.3962,0.045,1.25
82.65,bedrock,0.557,0.3962,0.045,1.25
82.65,bedrock,0.557,0.3962,0.045,1.25
82.71,soil,0.548,0.3962,0.045,1.25
82.71,soil,0.548,0.3151,0.045,1.26
82.81,soil,0.548,0.3151,0.045,1.26
82.85,soil,0.548,0.3151,0.0533,1.26
82.95,soil,0.548,0.3151,0.0533,1.26
82.95,soil,0.548,0.3151,0.0533,1.27
86.02,soil,0.548,0.3151,0.0533,1.27
86.12,soil,0.548,0.3151,0.0533,1.43
86.25,soil,0.548,0.3151,0.0,1.44
86.25,soil,0.548,0.3151,0.0,1.45
86.25,soil,0.548,0.3151,0.0,1.45
86.34,soil,0.548,0.3151,0.0,1.45
86.37,soil,0.624,0.3151,0.0,1.45
86.37,soil,0.624,0.2622,0.0,1.45
86.48,soil,0.624,0.2622,0.0,1.45
86.55,soil,0.624,0.2622,0.0,1.45
86.64,soil,0.624,0.2622,0.0626,1.45
86.75,soil,0.624,0.2622,0.0626,1.45
86.75,soil,0.624,0.2622,0.0626,1.45
86.85,soil,0.624,0.2622,0.0626,1.45
86.95,soil,0.624,0.2622,0.0626,1.46
86.95,soil,0.624,0.2622,0.0626,1.46
87.04,soil,0.624,0.2622,0.0626,1.46
87.07,soil,0.683,0.2622,0.0626,1.47
87.08,soil,0.683,0.2213,0.0626,1.47
87.15,soil,0.683,0.2213,0.0701,1.47
87.24,soil,0.683,0.2213,0.0701,1.48
87.24,soil,0.683,0.2213,0.0701,1.48
87.36,soil,0.683,0.2213,0.0701,1.48
87.36,soil,0.683,0.2213,0.0701,1.49
87.46,soil,0.683,0.2213,0.0701,1.49
87.55,soil,0.683,0.2213,0.0701,1.5
87.64,soil,0.683,0.2213,0.0701,1.51
87.71,soil,0.775,0.2213,0.0701,1.51
87.71,soil,0.775,0.1576,0.0701,1.52
87.74,soil,0.775,0.1576,0.0761,1.52
87.85,soil,0.775,0.1576,0.0761,1.52
87.85,soil,0.775,0.1576,0.0761,1.53
87.94,soil,0.775,0.1576,0.0761,1.53
88.04,soil,0.775,0.1576,0.0761,1.53
88.04,soil,0.775,0.1576,0.0761,1.54
88.14,soil,0.775,0.1576,0.0761,1.54
88.14,soil,0.775,0.1576,0.0761,1.55
88.24,soil,0.775,0.1576,0.0761,1.55
88.24,soil,0.775,0.1576,0.0761,1.56
88.31,soil,0.706,0.1576,0.0761,1.56
88.32,soil,0.706,0.2043,0.0761,1.56
88.34,soil,0.706,0.2043,0.0789,1.56
88.45,soil,0.706,0.2043,0.0789,1.56
88.45,soil,0.706,0.2043,0.0789,1.57
88.54,soil,0.706,0.2043,0.0789,1.57
88.64,soil,0.706,0.2043,0.0789,1.58
88.64,soil,0.706,0.2043,0.0789,1.59
88.76,soil,0.706,0.2043,0.0789,1.59
88.76,soil,0.706,0.2043,0.0789,1.6
88.84,soil,0.706,0.2043,0.0789,1.6
88.96,soil,0.706,0.2043,0.0789,1.6
88.96,soil,0.706,0.2043,0.0789,1.61
89.05,soil,0.706,0.2043,0.0789,1.61
89.11,soil,0.54,0.2043,0.0789,1.62
89.11,soil,0.54,0.3218,0.0789,1.62
89.14,soil,0.54,0.3218,0.0774,1.62
89.24,soil,0.54,0.3218,0.0774,1.63
89.24,soil,0.54,0.3218,0.0774,1.63
89.34,soil,0.54,0.3218,0.0774,1.63
89.34,soil,0.54,0.3218,0.0774,1.64
89.44,soil,0.54,0.3218,0.0774,1.64
89.44,soil,0.54,0.3218,0.0774,1.65
89.56,soil,0.54,0.3218,0.0774,1.65
89.56,soil,0.54,0.3218,0.0774,1.66
89.64,soil,0.54,0.3218,0.0774,1.66
89.7,soil,0.747,0.3218,0.0774,1.67
89.71,soil,0.747,0.1772,0.0774,1.67
89.74,soil,0.747,0.1772,0.0785,1.67
89.84,soil,0.747,0.1772,0.0785,1.67
89.94,soil,0.747,0.1772,0.0785,1.68
89.94,soil,0.747,0.1772,0.0785,1.69
